{
	"parent": "item/generated",
	"textures": {
		"layer0": "item/leather_horse_armor"
	},
	"overrides": [{
		"predicate": {
			"custom_model_data": 1
		},
		"model": "hmccosmetics:items/paintbrush"
	}, {
		"predicate": {
			"custom_model_data": 2
		},
		"model": "hmccosmetics:items/beanie"
	}, {
		"predicate": {
			"custom_model_data": 3
		},
		"model": "hmccosmetics:items/explorer_backpack"
	}, {
		"predicate": {
			"custom_model_data": 4
		},
		"model": "hmccosmetics:items/earth_day_grabber"
	}, {
		"predicate": {
			"custom_model_data": 5
		},
		"model": "hmccosmetics:items/explorer_backpack_thirdperson"
	}]
}