{
	"providers": [{
		"file": "hmccosmetics:gui/cosmetics_gui.png",
		"chars": [""],
		"ascent": 14,
		"height": 256,
		"type": "bitmap"
	}, {
		"file": "hmccosmetics:gui/shift.png",
		"chars": [""],
		"ascent": -32768,
		"height": -10,
		"type": "bitmap"
	}, {
		"file": "hmccosmetics:gui/dye_menu.png",
		"chars": [""],
		"ascent": 13,
		"height": 256,
		"type": "bitmap"
	}, {
		"file": "hmccosmetics:icons/colorful.png",
		"chars": [""],
		"ascent": 8,
		"height": 8,
		"type": "bitmap"
	}, {
		"file": "hmccosmetics:icons/title.png",
		"chars": [""],
		"ascent": 128,
		"height": 256,
		"type": "bitmap"
	    },
		{
            "type": "bitmap",
            "file": "minecraft:ranks/admin.png",
            "ascent": 8,
            "height": 8,
            "chars": [""]
	    },
        {
            "type": "bitmap",
            "file": "minecraft:ranks/builder.png",
            "ascent": 8,
            "height": 8,
            "chars": [""]
        },
        {
            "type": "bitmap",
            "file": "minecraft:ranks/dev.png",
            "ascent": 8,
            "height": 8,
            "chars": [""]
        },
        {
            "type": "bitmap",
            "file": "minecraft:ranks/manager.png",
            "ascent": 8,
            "height": 8,
            "chars": [""]
        },
        {
            "type": "bitmap",
            "file": "minecraft:ranks/mod.png",
            "ascent": 8,
            "height": 8,
            "chars": [""]
        },
        {
            "type": "bitmap",
            "file": "minecraft:ranks/owner.png",
            "ascent": 8,
            "height": 8,
            "chars": [""]
        },
        {
            "type": "bitmap",
            "file": "minecraft:ranks/srmod.png",
            "ascent": 8,
            "height": 8,
            "chars": [""]
        },
        {
            "type": "bitmap",
            "file": "minecraft:ranks/twitch.png",
            "ascent": 8,
            "height": 8,
            "chars": [""]
        },
        {
            "type": "bitmap",
            "file": "minecraft:ranks/youtube.png",
            "ascent": 8,
            "height": 8,
            "chars": [""]
        },
        {
            "type": "bitmap",
            "file": "minecraft:emojis/discord.png",
            "ascent": 8,
            "height": 8,
            "chars": ["󿫎"]
	}]
}