{
	"textures": {
		"1": "backrooms:block/water_puddle",
		"2": "block/null",
		"particle": "backrooms:block/water_puddle"
	},
	"elements": [
		{
			"from": [-16, 16, -16],
			"to": [32, 16, 32],
			"faces": {
				"north": {"uv": [0, 0, 16, 0], "texture": "#2"},
				"east": {"uv": [0, 0, 16, 0], "texture": "#2"},
				"south": {"uv": [0, 0, 16, 0], "texture": "#2"},
				"west": {"uv": [0, 0, 16, 0], "texture": "#2"},
				"up": {"uv": [0, 0, 16, 16], "texture": "#1"},
				"down": {"uv": [0, 0, 16, 16], "texture": "#2"}
			}
		}
	],
	"display": {
		"fixed": {
			"rotation": [-90, 0, 0],
			"translation": [0, 0, 7.95],
			"scale": [1, 1, 1]
		}
	}
}