{
	"credit": "Made with Blockbench",
	"texture_size": [64, 64],
	"textures": {
		"0": "creepernation:decorations/creeperdummy",
		"particle": "creepernation:decorations/creeperdummy"
	},
	"elements": [
		{
			"from": [4, 10, 6],
			"to": [12, 22, 10],
			"rotation": {"angle": 0, "axis": "y", "origin": [8, 16, 9]},
			"faces": {
				"north": {"uv": [2, 0, 4, 3], "texture": "#0"},
				"east": {"uv": [6, 2, 7, 5], "texture": "#0"},
				"south": {"uv": [0, 0, 2, 3], "texture": "#0"},
				"west": {"uv": [4, 6, 5, 9], "texture": "#0"},
				"up": {"uv": [3, 9, 2, 7], "rotation": 90, "texture": "#0"},
				"down": {"uv": [8, 2, 7, 4], "rotation": 270, "texture": "#0"}
			}
		},
		{
			"from": [3, -2, 3],
			"to": [13, 0, 13],
			"rotation": {"angle": 0, "axis": "y", "origin": [8, 16, 9]},
			"faces": {
				"north": {"uv": [8, 3.5, 10.5, 4], "texture": "#0"},
				"east": {"uv": [8, 4, 10.5, 4.5], "texture": "#0"},
				"south": {"uv": [8, 2.5, 10.5, 3], "texture": "#0"},
				"west": {"uv": [8, 3, 10.5, 3.5], "texture": "#0"},
				"up": {"uv": [10.5, 2.5, 8, 0], "rotation": 90, "texture": "#0"},
				"down": {"uv": [13, 0, 10.5, 2.5], "rotation": 270, "texture": "#0"}
			}
		},
		{
			"from": [4, 22, 4],
			"to": [12, 30, 12],
			"rotation": {"angle": 0, "axis": "y", "origin": [8, 16, 9]},
			"faces": {
				"north": {"uv": [0, 5, 2, 7], "texture": "#0"},
				"east": {"uv": [4, 0, 6, 2], "texture": "#0"},
				"south": {"uv": [4, 2, 6, 4], "texture": "#0"},
				"west": {"uv": [4, 4, 6, 6], "texture": "#0"},
				"up": {"uv": [4, 7, 2, 5], "rotation": 90, "texture": "#0"},
				"down": {"uv": [8, 0, 6, 2], "rotation": 270, "texture": "#0"}
			}
		},
		{
			"from": [4, 6, 6],
			"to": [12, 10, 10],
			"rotation": {"angle": 0, "axis": "y", "origin": [8, 16, 9]},
			"faces": {
				"north": {"uv": [6, 5, 8, 6], "texture": "#0"},
				"east": {"uv": [3, 7, 4, 8], "texture": "#0"},
				"south": {"uv": [5, 6, 7, 7], "texture": "#0"},
				"west": {"uv": [7, 4, 8, 5], "texture": "#0"},
				"up": {"uv": [1, 9, 0, 7], "rotation": 90, "texture": "#0"},
				"down": {"uv": [2, 7, 1, 9], "rotation": 270, "texture": "#0"}
			}
		},
		{
			"from": [7, 0, 7],
			"to": [9, 10, 9],
			"rotation": {"angle": 0, "axis": "y", "origin": [8, 16, 9]},
			"faces": {
				"north": {"uv": [9.5, 4.5, 10, 7], "texture": "#0"},
				"east": {"uv": [9, 4.5, 9.5, 7], "texture": "#0"},
				"south": {"uv": [8, 4.5, 8.5, 7], "texture": "#0"},
				"west": {"uv": [8.5, 4.5, 9, 7], "texture": "#0"},
				"up": {"uv": [10, 5, 10.5, 5.5], "texture": "#0"},
				"down": {"uv": [10, 4.5, 10.5, 5], "texture": "#0"}
			}
		}
	],
	"display": {
		"head": {
			"translation": [0, -27.25, -0.25],
			"scale": [1.6, 1.6, 1.6]
		}
	}
}