{
    "sources": [
        {
            "type": "directory",
            "source": "decorations",
            "prefix": "decorations/"
        },
        {
            "type": "directory",
            "source": "items",
            "prefix": "items/"
        },
        {
            "type": "single",
            "resource": "hmccosmetics:icons/arrow_back"
        },
        {
            "type": "single",
            "resource": "hmccosmetics:icons/arrow_next"
        },
        {
            "type": "single",
            "resource": "hmccosmetics:icons/colorful"
        },
        {
            "type": "directory",
            "source": "entity",
            "prefix": "entity/"
        }
    ]
}