{
	"credit": "Made by Zwaluw, do not distribute",
	"textures": {
		"0": "backrooms:item/coolpeopleshooter9000illegalinamerica",
		"particle": "backrooms:item/coolpeopleshooter9000illegalinamerica"
	},
	"elements": [
		{
			"from": [6.75, 0.75, 13.75],
			"to": [9.25, 3.25, 15.25],
			"rotation": {"angle": -22.5, "axis": "x", "origin": [8, 2.5, 14]},
			"faces": {
				"north": {"uv": [7, 9, 8, 10], "texture": "#0"},
				"east": {"uv": [0, 10, 0.5, 11], "texture": "#0"},
				"south": {"uv": [9, 7, 10, 8], "texture": "#0"},
				"west": {"uv": [0.5, 10, 1, 11], "texture": "#0"},
				"up": {"uv": [9, 2, 8, 1.5], "texture": "#0"},
				"down": {"uv": [10.5, 1, 9.5, 1.5], "texture": "#0"}
			}
		},
		{
			"from": [7, 0, 13],
			"to": [9, 6, 15],
			"rotation": {"angle": -22.5, "axis": "x", "origin": [8, 2.5, 14]},
			"faces": {
				"north": {"uv": [5, 6, 6, 9], "texture": "#0"},
				"east": {"uv": [6, 6, 7, 9], "texture": "#0"},
				"south": {"uv": [7, 6, 8, 9], "texture": "#0"},
				"west": {"uv": [8, 6, 9, 9], "texture": "#0"},
				"up": {"uv": [7, 10, 6, 9], "texture": "#0"},
				"down": {"uv": [10, 6, 9, 7], "texture": "#0"}
			}
		},
		{
			"from": [6.5, 5.25522, 8.51256],
			"to": [9.5, 8.25522, 15.51256],
			"rotation": {"angle": 0, "axis": "y", "origin": [8, 8.50522, 11.51256]},
			"faces": {
				"north": {"uv": [8, 0, 9.5, 1.5], "texture": "#0"},
				"east": {"uv": [2, 2, 5.5, 3.5], "texture": "#0"},
				"south": {"uv": [8.5, 3, 10, 4.5], "texture": "#0"},
				"west": {"uv": [2, 3.5, 5.5, 5], "texture": "#0"},
				"up": {"uv": [3.5, 8.5, 2, 5], "texture": "#0"},
				"down": {"uv": [5, 5, 3.5, 8.5], "texture": "#0"}
			}
		},
		{
			"from": [7, 5.75522, 0.51256],
			"to": [9, 7.75522, 16.51256],
			"rotation": {"angle": 0, "axis": "y", "origin": [8, 8.50522, 11.51256]},
			"faces": {
				"north": {"uv": [8, 9, 9, 10], "texture": "#0"},
				"east": {"uv": [0, 0, 8, 1], "texture": "#0"},
				"south": {"uv": [9, 8, 10, 9], "texture": "#0"},
				"west": {"uv": [0, 1, 8, 2], "texture": "#0"},
				"up": {"uv": [1, 10, 0, 2], "texture": "#0"},
				"down": {"uv": [2, 2, 1, 10], "texture": "#0"}
			}
		},
		{
			"from": [6.75, 5.50522, 1.26256],
			"to": [9.25, 8.00522, 7.76256],
			"rotation": {"angle": 0, "axis": "y", "origin": [8, 6.75522, 4.51256]},
			"faces": {
				"north": {"uv": [9, 9, 10, 10], "texture": "#0"},
				"east": {"uv": [5.5, 3, 8.5, 4], "texture": "#0"},
				"south": {"uv": [9.5, 0, 10.5, 1], "texture": "#0"},
				"west": {"uv": [5.5, 4, 8.5, 5], "texture": "#0"},
				"up": {"uv": [3, 11.5, 2, 8.5], "texture": "#0"},
				"down": {"uv": [4, 8.5, 3, 11.5], "texture": "#0"}
			}
		},
		{
			"from": [8, 3.25522, 9.51256],
			"to": [8, 5.25522, 13.51256],
			"rotation": {"angle": 0, "axis": "y", "origin": [8, 8.50522, 11.51256]},
			"faces": {
				"north": {"uv": [0, 0, 0, 1], "texture": "#0"},
				"east": {"uv": [8.5, 4.5, 10.5, 5.5], "texture": "#0"},
				"south": {"uv": [0, 0, 0, 1], "texture": "#0"},
				"west": {"uv": [9, 1.5, 11, 2.5], "texture": "#0"},
				"up": {"uv": [0, 2, 0, 0], "texture": "#0"},
				"down": {"uv": [0, 0, 0, 2], "texture": "#0"}
			}
		},
		{
			"from": [7.5, 8.25522, 8.51256],
			"to": [8.5, 10.25522, 15.51256],
			"rotation": {"angle": 0, "axis": "y", "origin": [8, 8.50522, 11.51256]},
			"faces": {
				"north": {"uv": [1, 10, 1.5, 11], "texture": "#0"},
				"east": {"uv": [5, 5, 8.5, 6], "texture": "#0"},
				"south": {"uv": [1.5, 10, 2, 11], "texture": "#0"},
				"west": {"uv": [5.5, 2, 9, 3], "texture": "#0"},
				"up": {"uv": [4.5, 12, 4, 8.5], "texture": "#0"},
				"down": {"uv": [5, 8.5, 4.5, 12], "texture": "#0"}
			}
		},
		{
			"from": [7.5, 9.25522, 9.51256],
			"to": [8.5, 8.25522, 14.51256],
			"rotation": {"angle": 0, "axis": "y", "origin": [8, 8.50522, 11.51256]},
			"faces": {
				"north": {"uv": [10, 3, 10.5, 3.5], "texture": "#0"},
				"east": {"uv": [8.5, 5.5, 11, 6], "texture": "#0"},
				"south": {"uv": [10, 3.5, 10.5, 4], "texture": "#0"},
				"west": {"uv": [9, 2.5, 11.5, 3], "texture": "#0"},
				"up": {"uv": [5.5, 11.5, 5, 9], "texture": "#0"},
				"down": {"uv": [6, 9, 5.5, 11.5], "texture": "#0"}
			}
		}
	],
	"gui_light": "front",
	"display": {
		"thirdperson_righthand": {
			"translation": [0, 1.25, -3.25],
			"scale": [0.7, 0.7, 0.7]
		},
		"thirdperson_lefthand": {
			"translation": [0, 1.25, -3.25],
			"scale": [0.7, 0.7, 0.7]
		},
		"firstperson_righthand": {
			"translation": [0, 4, 0]
		},
		"firstperson_lefthand": {
			"translation": [0, 4, 0]
		},
		"ground": {
			"translation": [0, 8, 0]
		},
		"gui": {
			"rotation": [89.54, -55.74, 89.63],
			"translation": [0, 3.25, 0]
		},
		"head": {
			"translation": [0, -2.5, 2.5],
			"scale": [1.29, 1.29, 1.29]
		},
		"fixed": {
			"rotation": [0, 90, 0]
		}
	},
	"groups": [
		{
			"name": "gun",
			"origin": [8, 8.50522, 11.51256],
			"color": 0,
			"children": [0, 1, 2, 3, 4, 5, 6, 7]
		}
	]
}
