{
	"credit": "Made with Blockbench",
	"ambientocclusion": false,
	"texture_size": [32, 32],
	"textures": {
		"0": "backrooms:item/almond_water",
		"particle": "backrooms:item/almond_water"
	},
	"elements": [
		{
			"from": [4.5, 0, 4.5],
			"to": [11.5, 10, 11.5],
			"rotation": {"angle": 0, "axis": "y", "origin": [4.5, 0, 4.5]},
			"faces": {
				"north": {"uv": [0, 0, 3.5, 5], "texture": "#0"},
				"east": {"uv": [3.5, 0, 7, 5], "texture": "#0"},
				"south": {"uv": [0, 5, 3.5, 10], "texture": "#0"},
				"west": {"uv": [0, 5, 3.5, 10], "texture": "#0"},
				"up": {"uv": [7, 0, 10.5, 3.5], "texture": "#0"},
				"down": {"uv": [10.5, 0, 14, 3.5], "texture": "#0"}
			}
		},
		{
			"from": [11.5, 10, 4.5],
			"to": [11.5, 15, 11.5],
			"rotation": {"angle": -22.5, "axis": "z", "origin": [11.5, 10, 8]},
			"faces": {
				"north": {"uv": [7, 3.5, 10.5, 6], "texture": "#0"},
				"east": {"uv": [7, 3.5, 10.5, 6], "texture": "#0"},
				"south": {"uv": [7, 3.5, 10.5, 6], "texture": "#0"},
				"west": {"uv": [7, 3.5, 10.5, 6], "texture": "#0"},
				"up": {"uv": [7, 3.5, 10.5, 6], "texture": "#0"},
				"down": {"uv": [7, 3.5, 10.5, 6], "texture": "#0"}
			}
		},
		{
			"from": [4.5, 10, 4.5],
			"to": [4.5, 15, 11.5],
			"rotation": {"angle": 22.5, "axis": "z", "origin": [4.5, 10, 8]},
			"faces": {
				"north": {"uv": [7, 3.5, 10.5, 6], "texture": "#0"},
				"east": {"uv": [7, 3.5, 10.5, 6], "texture": "#0"},
				"south": {"uv": [7, 3.5, 10.5, 6], "texture": "#0"},
				"west": {"uv": [7, 3.5, 10.5, 6], "texture": "#0"},
				"up": {"uv": [7, 3.5, 10.5, 6], "texture": "#0"},
				"down": {"uv": [7, 3.5, 10.5, 6], "texture": "#0"}
			}
		},
		{
			"from": [4.5, 10, 4.51],
			"to": [11.5, 13, 4.51],
			"rotation": {"angle": -22.5, "axis": "x", "origin": [8, 10, 5]},
			"faces": {
				"north": {"uv": [7, 3.5, 10.5, 5], "texture": "#0"},
				"east": {"uv": [7, 3.5, 7, 5], "texture": "#0"},
				"south": {"uv": [7, 3.5, 10.5, 5], "texture": "#0"},
				"west": {"uv": [7, 3.5, 7, 5], "texture": "#0"},
				"up": {"uv": [7, 3.5, 10.5, 3.5], "texture": "#0"},
				"down": {"uv": [7, 3.5, 10.5, 3.5], "texture": "#0"}
			}
		},
		{
			"from": [4.5, 10, 11.49],
			"to": [11.5, 13, 11.49],
			"rotation": {"angle": 22.5, "axis": "x", "origin": [8, 10, 11.49]},
			"faces": {
				"north": {"uv": [7, 3.5, 10.5, 5], "texture": "#0"},
				"east": {"uv": [7, 3.5, 7, 5], "texture": "#0"},
				"south": {"uv": [7, 3.5, 10.5, 5], "texture": "#0"},
				"west": {"uv": [7, 3.5, 7, 5], "texture": "#0"},
				"up": {"uv": [7, 3.5, 10.5, 3.5], "texture": "#0"},
				"down": {"uv": [7, 3.5, 10.5, 3.5], "texture": "#0"}
			}
		}
	],
	"display": {
		"thirdperson_righthand": {
			"rotation": [-3, 45, 0],
			"translation": [0, 2.5, 0],
			"scale": [0.5, 0.5, 0.5]
		},
		"thirdperson_lefthand": {
			"rotation": [-3, 45, 0],
			"translation": [0, 2.5, 0],
			"scale": [0.5, 0.5, 0.5]
		},
		"firstperson_righthand": {
			"rotation": [0, 45, 0],
			"scale": [0.8, 0.8, 0.8]
		},
		"firstperson_lefthand": {
			"rotation": [0, 225, 0],
			"scale": [0.8, 0.8, 0.8]
		},
		"ground": {
			"translation": [0, 3, 0],
			"scale": [0.6, 0.6, 0.6]
		},
		"gui": {
			"rotation": [30, 225, 0],
			"translation": [0, 1, 0]
		},
		"head": {
			"rotation": [0, 27, 0],
			"translation": [0, 14.5, 0]
		},
		"fixed": {
			"rotation": [-90, 0, 0],
			"translation": [0, 0, -10],
			"scale": [1.25, 1.25, 1.25]
		}
	},
	"groups": [
		{
			"name": "group",
			"origin": [3.5, 13, 6.5],
			"color": 0,
			"nbt": "{}",
			"armAnimationEnabled": false,
			"children": [0, 1, 2, 3, 4]
		}
	]
}