{
	"credit": "Made with Blockbench",
	"ambientocclusion": false,
	"textures": {
		"0": "backrooms:item/liquid_pain",
		"particle": "backrooms:item/liquid_pain"
	},
	"elements": [
		{
			"from": [6.5, 0.25, 6.5],
			"to": [9.5, 4.25, 9.5],
			"faces": {
				"north": {"uv": [0, 1, 3, 5], "texture": "#0"},
				"east": {"uv": [6, 1, 9, 5], "texture": "#0"},
				"south": {"uv": [6, 1, 9, 5], "texture": "#0"},
				"west": {"uv": [3, 1, 6, 5], "texture": "#0"},
				"up": {"uv": [9, 0, 12, 3], "rotation": 180, "texture": "#0"},
				"down": {"uv": [9, 0, 12, 3], "rotation": 90, "texture": "#0"}
			}
		},
		{
			"from": [6, 0, 6],
			"to": [10, 6, 10],
			"faces": {
				"north": {"uv": [0, 10, 4, 16], "texture": "#0"},
				"east": {"uv": [0, 10, 4, 16], "texture": "#0"},
				"south": {"uv": [0, 10, 4, 16], "texture": "#0"},
				"west": {"uv": [0, 10, 4, 16], "texture": "#0"},
				"up": {"uv": [4, 12, 8, 16], "texture": "#0"},
				"down": {"uv": [4, 12, 8, 16], "texture": "#0"}
			}
		},
		{
			"from": [7, 6, 7],
			"to": [9, 7, 9],
			"faces": {
				"north": {"uv": [0, 7, 2, 8], "texture": "#0"},
				"east": {"uv": [0, 7, 2, 8], "texture": "#0"},
				"south": {"uv": [0, 7, 2, 8], "texture": "#0"},
				"west": {"uv": [0, 7, 2, 8], "texture": "#0"},
				"up": {"uv": [0, 5, 2, 7], "texture": "#0"},
				"down": {"uv": [2, 5, 4, 7], "texture": "#0"}
			}
		}
	],
	"display": {
		"thirdperson_righthand": {
			"rotation": [39.65, -41.4, -8.45],
			"translation": [0.5, 3.75, 3.5],
			"scale": [0.85, 0.85, 0.85]
		},
		"thirdperson_lefthand": {
			"rotation": [39.65, -41.4, -8.45],
			"translation": [0.5, 3.75, 3.5],
			"scale": [0.85, 0.85, 0.85]
		},
		"firstperson_righthand": {
			"rotation": [0, -90, 25],
			"translation": [0.63, 4.7, 1.13],
			"scale": [0.68, 0.68, 0.68]
		},
		"firstperson_lefthand": {
			"rotation": [0, -90, 25],
			"translation": [0.63, 4.7, 1.13],
			"scale": [0.68, 0.68, 0.68]
		},
		"ground": {
			"translation": [0, 6.5, 0]
		},
		"gui": {
			"rotation": [30, 225, 0],
			"translation": [0, 8, 0],
			"scale": [1.9, 1.9, 1.9]
		},
		"head": {
			"rotation": [0, 180, 0],
			"translation": [0, 13, 7]
		},
		"fixed": {
			"rotation": [90, 0, -180],
			"translation": [0, 0, -16.25],
			"scale": [2, 2, 2]
		}
	},
	"groups": [
		{
			"name": "group",
			"origin": [0, 0, 0],
			"color": 0,
			"children": [0, 1, 2]
		}
	]
}