{
	"credit": "Made with Blockbench",
	"texture_size": [64, 32],
	"textures": {
		"0": "creepernation:item/crowbar_gold",
		"particle": "creepernation:item/crowbar_gold"
	},
	"elements": [
		{
			"name": "tail",
			"from": [6.999, 0.3, 7.85],
			"to": [9.029, 4.3, 9.85],
			"rotation": {"angle": -22.5, "axis": "x", "origin": [8, 2, 8]},
			"faces": {
				"north": {"uv": [14.5, 13, 15, 15], "texture": "#0"},
				"east": {"uv": [14, 13, 14.5, 15], "texture": "#0"},
				"south": {"uv": [15.5, 13, 16, 15], "texture": "#0"},
				"west": {"uv": [15, 13, 15.5, 15], "texture": "#0"},
				"up": {"uv": [15, 13, 14.5, 12], "texture": "#0"},
				"down": {"uv": [15.5, 12, 15, 13], "texture": "#0"}
			}
		},
		{
			"name": "shaft",
			"from": [7, 4, 7],
			"to": [9, 25, 9],
			"rotation": {"angle": 0, "axis": "y", "origin": [8, 14, 8]},
			"faces": {
				"north": {"uv": [14.5, 1, 15, 11.5], "texture": "#0"},
				"east": {"uv": [14, 1, 14.5, 11.5], "texture": "#0"},
				"south": {"uv": [15.5, 1, 16, 11.5], "texture": "#0"},
				"west": {"uv": [15, 1, 15.5, 11.5], "texture": "#0"},
				"up": {"uv": [15, 1, 14.5, 0], "texture": "#0"},
				"down": {"uv": [15.5, 0, 15, 1], "texture": "#0"}
			}
		},
		{
			"name": "head1",
			"from": [6.99, 24.49726, 6.46076],
			"to": [9.01, 27.49726, 8.48076],
			"rotation": {"angle": -22.5, "axis": "x", "origin": [8, 25.99726, 7.47076]},
			"faces": {
				"north": {"uv": [12.25, 1, 12.75, 2.5], "texture": "#0"},
				"east": {"uv": [11.75, 1, 12.25, 2.5], "texture": "#0"},
				"south": {"uv": [13.25, 1, 13.75, 2.5], "texture": "#0"},
				"west": {"uv": [12.75, 1, 13.25, 2.5], "texture": "#0"},
				"up": {"uv": [12.75, 1, 12.25, 0], "texture": "#0"},
				"down": {"uv": [13.25, 0, 12.75, 1], "texture": "#0"}
			}
		},
		{
			"name": "head2",
			"from": [7, 26.55061, 5.09081],
			"to": [9, 29.55061, 7.09081],
			"rotation": {"angle": -45, "axis": "x", "origin": [8, 28.05061, 6.09081]},
			"faces": {
				"north": {"uv": [12.25, 4, 12.75, 5.5], "texture": "#0"},
				"east": {"uv": [11.75, 4, 12.25, 5.5], "texture": "#0"},
				"south": {"uv": [13.25, 4, 13.75, 5.5], "texture": "#0"},
				"west": {"uv": [12.75, 4, 13.25, 5.5], "texture": "#0"},
				"up": {"uv": [12.75, 4, 12.25, 3], "texture": "#0"},
				"down": {"uv": [13.25, 3, 12.75, 4], "texture": "#0"}
			}
		},
		{
			"name": "head3",
			"from": [6.99, 27.8, 2.7],
			"to": [9.01, 29.8, 5.7],
			"rotation": {"angle": 0, "axis": "x", "origin": [8, 28.8, 4.2]},
			"faces": {
				"north": {"uv": [12, 15, 12.5, 16], "rotation": 180, "texture": "#0"},
				"east": {"uv": [11.25, 15, 12, 16], "rotation": 90, "texture": "#0"},
				"south": {"uv": [13.25, 15, 13.75, 16], "texture": "#0"},
				"west": {"uv": [12.5, 15, 13.25, 16], "rotation": 270, "texture": "#0"},
				"up": {"uv": [12.5, 15, 12, 13.5], "texture": "#0"},
				"down": {"uv": [13, 13.5, 12.5, 15], "rotation": 180, "texture": "#0"}
			}
		},
		{
			"name": "head4",
			"from": [7, 27.37798, 0.73188],
			"to": [9, 29.37798, 3.23188],
			"rotation": {"angle": -22.5, "axis": "x", "origin": [8, 28.37798, 1.98188]},
			"faces": {
				"north": {"uv": [12.25, 7, 12.75, 8], "rotation": 180, "texture": "#0"},
				"east": {"uv": [11.75, 7, 12.25, 8], "rotation": 270, "texture": "#0"},
				"south": {"uv": [13.25, 7, 13.75, 8], "texture": "#0"},
				"west": {"uv": [12.75, 7, 13.25, 8], "rotation": 90, "texture": "#0"},
				"up": {"uv": [12.75, 7, 12.25, 6], "rotation": 180, "texture": "#0"},
				"down": {"uv": [13.25, 6, 12.75, 7], "texture": "#0"}
			}
		},
		{
			"name": "head5",
			"from": [6.8, 26.89873, -0.67259],
			"to": [7.8, 28.89873, 2.32741],
			"rotation": {"angle": -22.5, "axis": "x", "origin": [7.3, 27.89873, 0.82741]},
			"faces": {
				"north": {"uv": [10, 12, 10.25, 13], "rotation": 180, "texture": "#0"},
				"east": {"uv": [9.25, 12, 10, 13], "rotation": 270, "texture": "#0"},
				"south": {"uv": [11, 12, 11.25, 13], "texture": "#0"},
				"west": {"uv": [10.25, 12, 11, 13], "rotation": 90, "texture": "#0"},
				"up": {"uv": [10.25, 12, 10, 10.5], "rotation": 180, "texture": "#0"},
				"down": {"uv": [10.5, 10.5, 10.25, 12], "texture": "#0"}
			}
		},
		{
			"name": "head6",
			"from": [8.2, 26.89873, -0.67259],
			"to": [9.2, 28.89873, 2.32741],
			"rotation": {"angle": -22.5, "axis": "x", "origin": [8.7, 27.89873, 0.82741]},
			"faces": {
				"north": {"uv": [12.25, 12, 12.5, 13], "rotation": 180, "texture": "#0"},
				"east": {"uv": [11.5, 12, 12.25, 13], "rotation": 270, "texture": "#0"},
				"south": {"uv": [13.25, 12, 13.5, 13], "texture": "#0"},
				"west": {"uv": [12.5, 12, 13.25, 13], "rotation": 90, "texture": "#0"},
				"up": {"uv": [12.5, 12, 12.25, 10.5], "rotation": 180, "texture": "#0"},
				"down": {"uv": [12.75, 10.5, 12.5, 12], "texture": "#0"}
			}
		}
	],
	"display": {
		"thirdperson_righthand": {
			"translation": [0, -3.5, 0.75],
			"scale": [0.7, 0.7, 0.7]
		},
		"thirdperson_lefthand": {
			"translation": [0, -3.5, 0.75],
			"scale": [0.7, 0.7, 0.7]
		},
		"firstperson_righthand": {
			"translation": [2, -9, 0]
		},
		"firstperson_lefthand": {
			"translation": [2, -9, 0]
		},
		"ground": {
			"rotation": [35, 0, 0],
			"scale": [0.5, 0.5, 0.5]
		},
		"gui": {
			"rotation": [121, 53, -115],
			"translation": [-1, -3.5, 0],
			"scale": [0.5, 0.5, 0.5]
		},
		"head": {
			"rotation": [-158.97, 0.45, 179.47],
			"translation": [0, -18.25, -17.75]
		},
		"fixed": {
			"rotation": [90, -42.5, 90],
			"translation": [3, -5.25, -0.25],
			"scale": [0.74, 0.74, 0.74]
		}
	},
	"groups": [
		{
			"name": "tail",
			"origin": [0, 0, 0],
			"color": 0,
			"children": [0]
		},
		{
			"name": "shaft",
			"origin": [0, 0, 0],
			"color": 0,
			"children": [1]
		},
		{
			"name": "head",
			"origin": [8, 8, 8],
			"color": 0,
			"children": [2, 3, 4, 5, 6, 7]
		}
	]
}