{
	"credit": "Made with Blockbench",
	"texture_size": [64, 64],
	"textures": {
		"2": "hmccosmetics:items/explorer_backpack"
	},
	"elements": [
		{
			"from": [5.5, -15.75, 6.5],
			"to": [10.5, -13.25, 10.5],
			"rotation": {"angle": 0, "axis": "y", "origin": [4, -15.5, 4]},
			"faces": {
				"north": {"uv": [2, 9.75, 4.5, 11], "texture": "#2"},
				"east": {"uv": [11, 8.25, 13, 9.5], "texture": "#2"},
				"south": {"uv": [7, 9.75, 9.5, 11], "texture": "#2"},
				"west": {"uv": [8.75, 11, 10.75, 12.25], "texture": "#2"},
				"up": {"uv": [5.25, 2, 2.75, 0], "texture": "#2"},
				"down": {"uv": [5.25, 2, 2.75, 4], "texture": "#2"}
			}
		},
		{
			"from": [5.25, -13.25, 6.5],
			"to": [10.75, -11.75, 10.75],
			"rotation": {"angle": 0, "axis": "y", "origin": [4, -15.5, 4]},
			"faces": {
				"north": {"uv": [0, 4.5, 2.75, 5.25], "texture": "#2"},
				"east": {"uv": [12, 4.75, 14.25, 5.5], "texture": "#2"},
				"south": {"uv": [11.25, 2.5, 14, 3.25], "texture": "#2"},
				"west": {"uv": [12, 5.5, 14.25, 6.25], "texture": "#2"},
				"up": {"uv": [2.75, 2.25, 0, 0], "texture": "#2"},
				"down": {"uv": [2.75, 2.25, 0, 4.5], "texture": "#2"}
			}
		},
		{
			"from": [5, -14, 7],
			"to": [6, -11.5, 9.5],
			"rotation": {"angle": 0, "axis": "y", "origin": [4, -15.5, 4]},
			"faces": {
				"north": {"uv": [10, 13, 10.5, 14.25], "texture": "#2"},
				"east": {"uv": [5.75, 11.5, 7, 12.75], "texture": "#2"},
				"south": {"uv": [3, 13.25, 3.5, 14.5], "texture": "#2"},
				"west": {"uv": [12, 9.5, 13.25, 10.75], "texture": "#2"},
				"up": {"uv": [13.75, 10.5, 13.25, 9.25], "texture": "#2"},
				"down": {"uv": [11, 13.25, 10.5, 14.5], "texture": "#2"}
			}
		},
		{
			"from": [4.75, -11.5, 6.75],
			"to": [6.25, -10.5, 9.75],
			"rotation": {"angle": 0, "axis": "y", "origin": [4, -15.5, 4]},
			"faces": {
				"north": {"uv": [6.75, 4.75, 7.5, 5.25], "texture": "#2"},
				"east": {"uv": [9.25, 3.25, 10.75, 3.75], "texture": "#2"},
				"south": {"uv": [3.75, 11, 4.5, 11.5], "texture": "#2"},
				"west": {"uv": [12.5, 4, 14, 4.5], "texture": "#2"},
				"up": {"uv": [13.5, 7.75, 12.75, 6.25], "texture": "#2"},
				"down": {"uv": [13.75, 7.75, 13, 9.25], "texture": "#2"}
			}
		},
		{
			"from": [10, -14, 7],
			"to": [11, -11.5, 9.5],
			"rotation": {"angle": 0, "axis": "y", "origin": [12, -15.5, 4]},
			"faces": {
				"north": {"uv": [11, 13.25, 11.5, 14.5], "texture": "#2"},
				"east": {"uv": [10.75, 12, 12, 13.25], "texture": "#2"},
				"south": {"uv": [11.5, 13.25, 12, 14.5], "texture": "#2"},
				"west": {"uv": [12, 12, 13.25, 13.25], "texture": "#2"},
				"up": {"uv": [13.75, 13, 13.25, 11.75], "texture": "#2"},
				"down": {"uv": [12.5, 13.25, 12, 14.5], "texture": "#2"}
			}
		},
		{
			"from": [9.75, -11.5, 6.75],
			"to": [11.25, -10.5, 9.75],
			"rotation": {"angle": 0, "axis": "y", "origin": [12, -15.5, 4]},
			"faces": {
				"north": {"uv": [12, 6.25, 12.75, 6.75], "texture": "#2"},
				"east": {"uv": [0, 13.25, 1.5, 13.75], "texture": "#2"},
				"south": {"uv": [13.5, 1.5, 14.25, 2], "texture": "#2"},
				"west": {"uv": [1.5, 13.25, 3, 13.75], "texture": "#2"},
				"up": {"uv": [9.25, 14.5, 8.5, 13], "texture": "#2"},
				"down": {"uv": [10, 13, 9.25, 14.5], "texture": "#2"}
			}
		},
		{
			"from": [6, -11.75, 6.5],
			"to": [10, -10.25, 10],
			"rotation": {"angle": 0, "axis": "y", "origin": [4, -15.5, 4]},
			"faces": {
				"north": {"uv": [8.75, 12.25, 10.75, 13], "texture": "#2"},
				"east": {"uv": [2, 12.5, 3.75, 13.25], "texture": "#2"},
				"south": {"uv": [0, 12.5, 2, 13.25], "texture": "#2"},
				"west": {"uv": [12.5, 3.25, 14.25, 4], "texture": "#2"},
				"up": {"uv": [11.25, 3.25, 9.25, 1.5], "texture": "#2"},
				"down": {"uv": [2, 9.75, 0, 11.5], "texture": "#2"}
			}
		},
		{
			"from": [5.75, -10.25, 6.5],
			"to": [10.25, -8.25, 10.25],
			"rotation": {"angle": 0, "axis": "y", "origin": [4, -16.5, 4]},
			"faces": {
				"north": {"uv": [10.75, 11, 13, 12], "texture": "#2"},
				"east": {"uv": [0, 11.5, 2, 12.5], "texture": "#2"},
				"south": {"uv": [11.25, 1.5, 13.5, 2.5], "texture": "#2"},
				"west": {"uv": [3.75, 11.5, 5.75, 12.5], "texture": "#2"},
				"up": {"uv": [2.25, 9.75, 0, 7.75], "texture": "#2"},
				"down": {"uv": [4.5, 7.75, 2.25, 9.75], "texture": "#2"}
			}
		},
		{
			"from": [4, -9, 6.5],
			"to": [12, -7, 8.5],
			"rotation": {"angle": -45, "axis": "x", "origin": [7.75, -8.5, 7.5]},
			"faces": {
				"north": {"uv": [6.75, 3.75, 10.75, 4.75], "texture": "#2", "tintindex": 0},
				"east": {"uv": [7, 8.75, 8, 9.75], "texture": "#2", "tintindex": 0},
				"south": {"uv": [4.5, 7.75, 8.5, 8.75], "texture": "#2", "tintindex": 0},
				"west": {"uv": [13, 10.75, 14, 11.75], "texture": "#2", "tintindex": 0},
				"up": {"uv": [12, 5.75, 8, 4.75], "texture": "#2", "tintindex": 0},
				"down": {"uv": [12, 5.75, 8, 6.75], "texture": "#2", "tintindex": 0}
			}
		},
		{
			"from": [4, -9.29644, 8.29645],
			"to": [12, -6.99644, 8.29645],
			"rotation": {"angle": -45, "axis": "x", "origin": [8, -8.14644, 7.14645]},
			"faces": {
				"north": {"uv": [2.75, 4, 6.75, 5.25], "texture": "#2", "tintindex": 0},
				"east": {"uv": [0, 0, 0, 1.25], "texture": "#2", "tintindex": 0},
				"south": {"uv": [0, 5.25, 4, 6.5], "texture": "#2", "tintindex": 0},
				"west": {"uv": [0, 0, 0, 1.25], "texture": "#2", "tintindex": 0},
				"up": {"uv": [4, 0, 0, 0], "texture": "#2", "tintindex": 0},
				"down": {"uv": [4, 0, 0, 0], "texture": "#2", "tintindex": 0}
			}
		},
		{
			"from": [4, -9.29644, 5.99645],
			"to": [12, -6.99644, 5.99645],
			"rotation": {"angle": -45, "axis": "x", "origin": [8, -8.14644, 7.14645]},
			"faces": {
				"north": {"uv": [5.25, 0, 9.25, 1.25], "texture": "#2", "tintindex": 0},
				"east": {"uv": [0, 0, 0, 1.25], "texture": "#2", "tintindex": 0},
				"south": {"uv": [5.25, 1.25, 9.25, 2.5], "texture": "#2", "tintindex": 0},
				"west": {"uv": [0, 0, 0, 1.25], "texture": "#2", "tintindex": 0},
				"up": {"uv": [4, 0, 0, 0], "texture": "#2", "tintindex": 0},
				"down": {"uv": [4, 0, 0, 0], "texture": "#2", "tintindex": 0}
			}
		},
		{
			"from": [4, -9.29644, 5.99645],
			"to": [12, -9.29644, 8.29645],
			"rotation": {"angle": -45, "axis": "x", "origin": [8, -8.14644, 7.14645]},
			"faces": {
				"north": {"uv": [0, 0, 4, 0], "texture": "#2", "tintindex": 0},
				"east": {"uv": [0, 0, 1.25, 0], "texture": "#2", "tintindex": 0},
				"south": {"uv": [0, 0, 4, 0], "texture": "#2", "tintindex": 0},
				"west": {"uv": [0, 0, 1.25, 0], "texture": "#2", "tintindex": 0},
				"up": {"uv": [4, 7.75, 0, 6.5], "texture": "#2", "tintindex": 0},
				"down": {"uv": [8, 6.5, 4, 7.75], "texture": "#2", "tintindex": 0}
			}
		},
		{
			"from": [4, -6.99644, 5.99645],
			"to": [12, -6.99644, 8.29645],
			"rotation": {"angle": -45, "axis": "x", "origin": [8, -8.14644, 7.14645]},
			"faces": {
				"north": {"uv": [0, 0, 4, 0], "texture": "#2", "tintindex": 0},
				"east": {"uv": [0, 0, 1.25, 0], "texture": "#2", "tintindex": 0},
				"south": {"uv": [0, 0, 4, 0], "texture": "#2", "tintindex": 0},
				"west": {"uv": [0, 0, 1.25, 0], "texture": "#2", "tintindex": 0},
				"up": {"uv": [9.25, 3.75, 5.25, 2.5], "texture": "#2", "tintindex": 0},
				"down": {"uv": [8, 5.25, 4, 6.5], "texture": "#2", "tintindex": 0}
			}
		},
		{
			"from": [5.5, -14.6, 10.9],
			"to": [10.5, -11.6, 10.9],
			"rotation": {"angle": 0, "axis": "y", "origin": [5.25, -13.75, 10.75]},
			"faces": {
				"north": {"uv": [8.5, 6.75, 11, 8.25], "texture": "#2"},
				"east": {"uv": [0, 0, 0, 1.5], "texture": "#2"},
				"south": {"uv": [8.5, 8.25, 11, 9.75], "texture": "#2"},
				"west": {"uv": [0, 0, 0, 1.5], "texture": "#2"},
				"up": {"uv": [2.5, 0, 0, 0], "texture": "#2"},
				"down": {"uv": [2.5, 0, 0, 0], "texture": "#2"}
			}
		},
		{
			"from": [5.5, -11.6, 9.4],
			"to": [10.5, -11.6, 10.9],
			"rotation": {"angle": 0, "axis": "y", "origin": [5.25, -13.75, 10.75]},
			"faces": {
				"north": {"uv": [0, 0, 2.5, 0], "texture": "#2"},
				"east": {"uv": [0, 0, 0.75, 0], "texture": "#2"},
				"south": {"uv": [0, 0, 2.5, 0], "texture": "#2"},
				"west": {"uv": [0, 0, 0.75, 0], "texture": "#2"},
				"up": {"uv": [14.25, 0.75, 11.75, 0], "texture": "#2"},
				"down": {"uv": [14.25, 0.75, 11.75, 1.5], "texture": "#2"}
			}
		},
		{
			"from": [5.5, -11.1, 10.4],
			"to": [10.5, -8.1, 10.4],
			"rotation": {"angle": 0, "axis": "y", "origin": [5.25, -13.75, 10.75]},
			"faces": {
				"north": {"uv": [4.5, 8.75, 7, 10.25], "texture": "#2"},
				"east": {"uv": [0, 0, 0, 1.5], "texture": "#2"},
				"south": {"uv": [9.25, 0, 11.75, 1.5], "texture": "#2"},
				"west": {"uv": [0, 0, 0, 1.5], "texture": "#2"},
				"up": {"uv": [2.5, 0, 0, 0], "texture": "#2"},
				"down": {"uv": [2.5, 0, 0, 0], "texture": "#2"}
			}
		},
		{
			"from": [5.5, -8.1, 7.9],
			"to": [10.5, -8.1, 10.4],
			"rotation": {"angle": 0, "axis": "y", "origin": [5.25, -13.75, 10.75]},
			"faces": {
				"north": {"uv": [0, 0, 2.5, 0], "texture": "#2"},
				"east": {"uv": [0, 0, 1.25, 0], "texture": "#2"},
				"south": {"uv": [0, 0, 2.5, 0], "texture": "#2"},
				"west": {"uv": [0, 0, 1.25, 0], "texture": "#2"},
				"up": {"uv": [12, 11, 9.5, 9.75], "texture": "#2"},
				"down": {"uv": [7, 10.25, 4.5, 11.5], "texture": "#2"}
			}
		},
		{
			"from": [4.6, -13.35, 6.5],
			"to": [4.6, -10.35, 10],
			"rotation": {"angle": 0, "axis": "y", "origin": [4.75, -12, 9.75]},
			"faces": {
				"north": {"uv": [0, 0, 0, 1.5], "texture": "#2"},
				"east": {"uv": [10.75, 3.25, 12.5, 4.75], "texture": "#2"},
				"south": {"uv": [0, 0, 0, 1.5], "texture": "#2"},
				"west": {"uv": [2, 11, 3.75, 12.5], "texture": "#2"},
				"up": {"uv": [0, 1.75, 0, 0], "texture": "#2"},
				"down": {"uv": [0, 0, 0, 1.75], "texture": "#2"}
			}
		},
		{
			"from": [4.6, -10.35, 6.5],
			"to": [6.1, -10.35, 10],
			"rotation": {"angle": 0, "axis": "y", "origin": [4.75, -12, 9.75]},
			"faces": {
				"north": {"uv": [0, 0, 0.75, 0], "texture": "#2"},
				"east": {"uv": [0, 0, 1.75, 0], "texture": "#2"},
				"south": {"uv": [0, 0, 0.75, 0], "texture": "#2"},
				"west": {"uv": [0, 0, 1.75, 0], "texture": "#2"},
				"up": {"uv": [4.5, 14.25, 3.75, 12.5], "texture": "#2"},
				"down": {"uv": [5.25, 12.5, 4.5, 14.25], "texture": "#2"}
			}
		},
		{
			"from": [11.4, -13.35, 6.5],
			"to": [11.4, -10.35, 10],
			"rotation": {"angle": 0, "axis": "y", "origin": [11.25, -12, 9.75]},
			"faces": {
				"north": {"uv": [0, 0, 0, 1.5], "texture": "#2"},
				"east": {"uv": [11, 6.75, 12.75, 8.25], "texture": "#2"},
				"south": {"uv": [0, 0, 0, 1.5], "texture": "#2"},
				"west": {"uv": [7, 11, 8.75, 12.5], "texture": "#2"},
				"up": {"uv": [0, 1.75, 0, 0], "texture": "#2"},
				"down": {"uv": [0, 0, 0, 1.75], "texture": "#2"}
			}
		},
		{
			"from": [9.9, -10.35, 6.5],
			"to": [11.4, -10.35, 10],
			"rotation": {"angle": 0, "axis": "y", "origin": [11.25, -12, 9.75]},
			"faces": {
				"north": {"uv": [0, 0, 0.75, 0], "texture": "#2"},
				"east": {"uv": [0, 0, 1.75, 0], "texture": "#2"},
				"south": {"uv": [0, 0, 0.75, 0], "texture": "#2"},
				"west": {"uv": [0, 0, 1.75, 0], "texture": "#2"},
				"up": {"uv": [6, 14.5, 5.25, 12.75], "texture": "#2"},
				"down": {"uv": [6.75, 12.75, 6, 14.5], "texture": "#2"}
			}
		},
		{
			"from": [4.6, -10.35, 6.5],
			"to": [6.1, -10.35, 10],
			"rotation": {"angle": 0, "axis": "y", "origin": [4.75, -12, 9.75]},
			"faces": {
				"north": {"uv": [0, 0, 0.75, 0], "texture": "#2"},
				"east": {"uv": [0, 0, 1.75, 0], "texture": "#2"},
				"south": {"uv": [0, 0, 0.75, 0], "texture": "#2"},
				"west": {"uv": [0, 0, 1.75, 0], "texture": "#2"},
				"up": {"uv": [7.75, 14.25, 7, 12.5], "texture": "#2"},
				"down": {"uv": [8.5, 12.5, 7.75, 14.25], "texture": "#2"}
			}
		},
		{
			"from": [5.75, -14, 11],
			"to": [10.25, -13.5, 11],
			"rotation": {"angle": 0, "axis": "y", "origin": [4, -15.5, 4]},
			"faces": {
				"north": {"uv": [12.5, 4.5, 14.75, 4.75], "texture": "#2"},
				"east": {"uv": [0, 0, 0, 0.25], "texture": "#2"},
				"south": {"uv": [13.25, 10.5, 15.5, 10.75], "texture": "#2"},
				"west": {"uv": [0, 0, 0, 0.25], "texture": "#2"},
				"up": {"uv": [2.25, 0, 0, 0], "texture": "#2"},
				"down": {"uv": [2.25, 0, 0, 0], "texture": "#2"}
			}
		},
		{
			"from": [6.25, -10.6, 10.5],
			"to": [9.75, -10.1, 10.5],
			"rotation": {"angle": 0, "axis": "y", "origin": [4, -15.5, 4]},
			"faces": {
				"north": {"uv": [12.5, 13.25, 14.25, 13.5], "texture": "#2"},
				"east": {"uv": [0, 0, 0, 0.25], "texture": "#2"},
				"south": {"uv": [13.25, 13, 15, 13.25], "texture": "#2"},
				"west": {"uv": [0, 0, 0, 0.25], "texture": "#2"},
				"up": {"uv": [1.75, 0, 0, 0], "texture": "#2"},
				"down": {"uv": [1.75, 0, 0, 0], "texture": "#2"}
			}
		},
		{
			"from": [11.5, -12.5, 6.75],
			"to": [11.5, -12, 9.75],
			"rotation": {"angle": 0, "axis": "y", "origin": [4, -15.5, 4]},
			"faces": {
				"north": {"uv": [0, 0, 0, 0.25], "texture": "#2"},
				"east": {"uv": [5.25, 3.75, 6.75, 4], "texture": "#2"},
				"south": {"uv": [0, 0, 0, 0.25], "texture": "#2"},
				"west": {"uv": [13.5, 2, 15, 2.25], "texture": "#2"},
				"up": {"uv": [0, 1.5, 0, 0], "texture": "#2"},
				"down": {"uv": [0, 0, 0, 1.5], "texture": "#2"}
			}
		},
		{
			"from": [4.5, -12.5, 6.75],
			"to": [4.5, -12, 9.75],
			"rotation": {"angle": 0, "axis": "y", "origin": [12, -15.5, 4]},
			"faces": {
				"north": {"uv": [0, 0, 0, 0.25], "texture": "#2"},
				"east": {"uv": [13.5, 2.25, 15, 2.5], "texture": "#2"},
				"south": {"uv": [0, 0, 0, 0.25], "texture": "#2"},
				"west": {"uv": [13.5, 6.25, 15, 6.5], "texture": "#2"},
				"up": {"uv": [0, 1.5, 0, 0], "texture": "#2"},
				"down": {"uv": [0, 0, 0, 1.5], "texture": "#2"}
			}
		}
	],
	"display": {
		"thirdperson_righthand": {
			"rotation": [75, 45, 0],
			"translation": [0, 2.5, 0],
			"scale": [0.375, 0.375, 0.375]
		},
		"thirdperson_lefthand": {
			"rotation": [75, 45, 0],
			"translation": [0, 2.5, 0],
			"scale": [0.375, 0.375, 0.375]
		},
		"firstperson_righthand": {
			"rotation": [0, 45, 0],
			"scale": [0.4, 0.4, 0.4]
		},
		"firstperson_lefthand": {
			"rotation": [0, 225, 0],
			"scale": [0.4, 0.4, 0.4]
		},
		"ground": {
			"translation": [0, 3, 0],
			"scale": [0.25, 0.25, 0.25]
		},
		"gui": {
			"rotation": [11.65, 54.93, -3.22],
			"scale": [0.625, 0.625, 0.625]
		},
		"head": {
			"translation": [0, -62.5, 8],
			"scale": [3, 3, 3]
		},
		"fixed": {
			"scale": [0.5, 0.5, 0.5]
		}
	}
}