{
	"credit": "Made with Blockbench",
	"textures": {
		"0": "hmccosmetics:items/jetpack",
		"2": "hmccosmetics:items/jetpack_animation",
		"particle": "hmccosmetics:items/jetpack"
	},
	"elements": [
		{
			"from": [5, 0, -1],
			"to": [10, 8, 4],
			"faces": {
				"north": {"uv": [6, 0, 7.25, 2], "texture": "#0"},
				"east": {"uv": [6, 2, 7.25, 4], "texture": "#0"},
				"south": {"uv": [6, 4, 7.25, 6], "texture": "#0"},
				"west": {"uv": [6, 6, 7.25, 8], "texture": "#0"},
				"up": {"uv": [8.5, 1.25, 7.25, 0], "texture": "#0"},
				"down": {"uv": [8.5, 1.25, 7.25, 2.5], "texture": "#0"}
			}
		},
		{
			"from": [11, 0, 1],
			"to": [15, 11, 5],
			"faces": {
				"north": {"uv": [5, 0, 6, 2.75], "texture": "#0"},
				"east": {"uv": [5, 2.75, 6, 5.5], "texture": "#0"},
				"south": {"uv": [0, 5.5, 1, 8.25], "texture": "#0"},
				"west": {"uv": [1, 5.5, 2, 8.25], "texture": "#0"},
				"up": {"uv": [8.25, 8.5, 7.25, 7.5], "texture": "#0"},
				"down": {"uv": [7, 8, 6, 9], "texture": "#0"}
			}
		},
		{
			"from": [11, -3, 1],
			"to": [15, -2, 5],
			"faces": {
				"north": {"uv": [8.5, 5.5, 9.5, 5.75], "texture": "#0"},
				"east": {"uv": [8.5, 5.75, 9.5, 6], "texture": "#0"},
				"south": {"uv": [8.5, 6, 9.5, 6.25], "texture": "#0"},
				"west": {"uv": [8.5, 6.25, 9.5, 6.5], "texture": "#0"},
				"up": {"uv": [1, 9.25, 0, 8.25], "texture": "#0"},
				"down": {"uv": [2, 8.25, 1, 9.25], "texture": "#0"}
			}
		},
		{
			"from": [11.5, -2, 1.5],
			"to": [14.5, 0, 4.5],
			"faces": {
				"north": {"uv": [8.5, 1.5, 9.25, 2], "texture": "#0"},
				"east": {"uv": [8.5, 2, 9.25, 2.5], "texture": "#0"},
				"south": {"uv": [8.5, 2.5, 9.25, 3], "texture": "#0"},
				"west": {"uv": [8.5, 3, 9.25, 3.5], "texture": "#0"},
				"up": {"uv": [9, 8.25, 8.25, 7.5], "texture": "#0"},
				"down": {"uv": [9, 8.25, 8.25, 9], "texture": "#0"}
			}
		},
		{
			"from": [0, -3, 1],
			"to": [4, -2, 5],
			"faces": {
				"north": {"uv": [8.5, 6.5, 9.5, 6.75], "texture": "#0"},
				"east": {"uv": [8.5, 6.75, 9.5, 7], "texture": "#0"},
				"south": {"uv": [7, 8.5, 8, 8.75], "texture": "#0"},
				"west": {"uv": [8.5, 7, 9.5, 7.25], "texture": "#0"},
				"up": {"uv": [3, 9.25, 2, 8.25], "texture": "#0"},
				"down": {"uv": [4, 8.25, 3, 9.25], "texture": "#0"}
			}
		},
		{
			"from": [0.5, -2, 1.5],
			"to": [3.5, 0, 4.5],
			"faces": {
				"north": {"uv": [8.5, 3.5, 9.25, 4], "texture": "#0"},
				"east": {"uv": [8.5, 4, 9.25, 4.5], "texture": "#0"},
				"south": {"uv": [8.5, 4.5, 9.25, 5], "texture": "#0"},
				"west": {"uv": [8.5, 5, 9.25, 5.5], "texture": "#0"},
				"up": {"uv": [9.25, 0.75, 8.5, 0], "texture": "#0"},
				"down": {"uv": [9.25, 0.75, 8.5, 1.5], "texture": "#0"}
			}
		},
		{
			"from": [0, 0, 1],
			"to": [4, 11, 5],
			"faces": {
				"north": {"uv": [2, 5.5, 3, 8.25], "texture": "#0"},
				"east": {"uv": [3, 5.5, 4, 8.25], "texture": "#0"},
				"south": {"uv": [4, 5.5, 5, 8.25], "texture": "#0"},
				"west": {"uv": [5, 5.5, 6, 8.25], "texture": "#0"},
				"up": {"uv": [5, 9.25, 4, 8.25], "texture": "#0"},
				"down": {"uv": [6, 8.25, 5, 9.25], "texture": "#0"}
			}
		},
		{
			"from": [2.5, 4, 2.5],
			"to": [4.5, 6, 4.5],
			"rotation": {"angle": 22.5, "axis": "y", "origin": [0, 0, 0]},
			"faces": {
				"north": {"uv": [7, 8.75, 7.5, 9.25], "texture": "#0"},
				"east": {"uv": [7.5, 8.75, 8, 9.25], "texture": "#0"},
				"south": {"uv": [6, 9, 6.5, 9.5], "texture": "#0"},
				"west": {"uv": [6.5, 9, 7, 9.5], "texture": "#0"},
				"up": {"uv": [9.5, 7.75, 9, 7.25], "texture": "#0"},
				"down": {"uv": [9.5, 7.75, 9, 8.25], "texture": "#0"}
			}
		},
		{
			"from": [2.5, 0.25, 2.5],
			"to": [4.5, 2.25, 4.5],
			"rotation": {"angle": 22.5, "axis": "y", "origin": [0, 0, 0]},
			"faces": {
				"north": {"uv": [8, 9, 8.5, 9.5], "texture": "#0"},
				"east": {"uv": [9, 8.25, 9.5, 8.75], "texture": "#0"},
				"south": {"uv": [8.5, 9, 9, 9.5], "texture": "#0"},
				"west": {"uv": [9, 8.75, 9.5, 9.25], "texture": "#0"},
				"up": {"uv": [0.5, 9.75, 0, 9.25], "texture": "#0"},
				"down": {"uv": [9.75, 0, 9.25, 0.5], "texture": "#0"}
			}
		},
		{
			"from": [9.25, 4, -3.5],
			"to": [11.25, 6, -1.5],
			"rotation": {"angle": -22.5, "axis": "y", "origin": [0, 0, 0]},
			"faces": {
				"north": {"uv": [0.5, 9.25, 1, 9.75], "texture": "#0"},
				"east": {"uv": [9.25, 0.5, 9.75, 1], "texture": "#0"},
				"south": {"uv": [1, 9.25, 1.5, 9.75], "texture": "#0"},
				"west": {"uv": [9.25, 1, 9.75, 1.5], "texture": "#0"},
				"up": {"uv": [2, 9.75, 1.5, 9.25], "texture": "#0"},
				"down": {"uv": [9.75, 1.5, 9.25, 2], "texture": "#0"}
			}
		},
		{
			"from": [9.25, 0.25, -3.5],
			"to": [11.25, 2.25, -1.5],
			"rotation": {"angle": -22.5, "axis": "y", "origin": [0, 0, 0]},
			"faces": {
				"north": {"uv": [2, 9.25, 2.5, 9.75], "texture": "#0"},
				"east": {"uv": [9.25, 2, 9.75, 2.5], "texture": "#0"},
				"south": {"uv": [2.5, 9.25, 3, 9.75], "texture": "#0"},
				"west": {"uv": [9.25, 2.5, 9.75, 3], "texture": "#0"},
				"up": {"uv": [3.5, 9.75, 3, 9.25], "texture": "#0"},
				"down": {"uv": [9.75, 3, 9.25, 3.5], "texture": "#0"}
			}
		},
		{
			"from": [4, -5, 1],
			"to": [4, -3, 5],
			"faces": {
				"north": {"uv": [0, 0, 0, 2], "texture": "#2"},
				"east": {"uv": [0, 0, 4, 2], "texture": "#2"},
				"south": {"uv": [0, 0, 0, 2], "texture": "#2"},
				"west": {"uv": [0, 2, 4, 4], "texture": "#2"},
				"up": {"uv": [0, 4, 0, 0], "texture": "#2"},
				"down": {"uv": [0, 0, 0, 4], "texture": "#2"}
			}
		},
		{
			"from": [0, -5, 1],
			"to": [0, -3, 5],
			"faces": {
				"north": {"uv": [0, 0, 0, 2], "texture": "#2"},
				"east": {"uv": [0, 4, 4, 6], "texture": "#2"},
				"south": {"uv": [0, 0, 0, 2], "texture": "#2"},
				"west": {"uv": [4, 0, 8, 2], "texture": "#2"},
				"up": {"uv": [0, 4, 0, 0], "texture": "#2"},
				"down": {"uv": [0, 0, 0, 4], "texture": "#2"}
			}
		},
		{
			"from": [0, -5, 5],
			"to": [4, -3, 5],
			"faces": {
				"north": {"uv": [4, 2, 8, 4], "texture": "#2"},
				"east": {"uv": [0, 0, 0, 2], "texture": "#2"},
				"south": {"uv": [4, 4, 8, 6], "texture": "#2"},
				"west": {"uv": [0, 0, 0, 2], "texture": "#2"},
				"up": {"uv": [4, 0, 0, 0], "texture": "#2"},
				"down": {"uv": [4, 0, 0, 0], "texture": "#2"}
			}
		},
		{
			"from": [0, -5, 1],
			"to": [4, -3, 1],
			"faces": {
				"north": {"uv": [0, 6, 4, 8], "texture": "#2"},
				"east": {"uv": [0, 0, 0, 2], "texture": "#2"},
				"south": {"uv": [4, 6, 8, 8], "texture": "#2"},
				"west": {"uv": [0, 0, 0, 2], "texture": "#2"},
				"up": {"uv": [4, 0, 0, 0], "texture": "#2"},
				"down": {"uv": [4, 0, 0, 0], "texture": "#2"}
			}
		},
		{
			"from": [15, -5, 1],
			"to": [15, -3, 5],
			"faces": {
				"north": {"uv": [0, 0, 0, 2], "texture": "#2"},
				"east": {"uv": [0, 8, 4, 10], "texture": "#2"},
				"south": {"uv": [0, 0, 0, 2], "texture": "#2"},
				"west": {"uv": [8, 0, 12, 2], "texture": "#2"},
				"up": {"uv": [0, 4, 0, 0], "texture": "#2"},
				"down": {"uv": [0, 0, 0, 4], "texture": "#2"}
			}
		},
		{
			"from": [11, -5, 1],
			"to": [11, -3, 5],
			"faces": {
				"north": {"uv": [0, 0, 0, 2], "texture": "#2"},
				"east": {"uv": [8, 2, 12, 4], "texture": "#2"},
				"south": {"uv": [0, 0, 0, 2], "texture": "#2"},
				"west": {"uv": [4, 8, 8, 10], "texture": "#2"},
				"up": {"uv": [0, 4, 0, 0], "texture": "#2"},
				"down": {"uv": [0, 0, 0, 4], "texture": "#2"}
			}
		},
		{
			"from": [11, -5, 5],
			"to": [15, -3, 5],
			"faces": {
				"north": {"uv": [8, 4, 12, 6], "texture": "#2"},
				"east": {"uv": [0, 0, 0, 2], "texture": "#2"},
				"south": {"uv": [8, 6, 12, 8], "texture": "#2"},
				"west": {"uv": [0, 0, 0, 2], "texture": "#2"},
				"up": {"uv": [4, 0, 0, 0], "texture": "#2"},
				"down": {"uv": [4, 0, 0, 0], "texture": "#2"}
			}
		},
		{
			"from": [11, -5, 1],
			"to": [15, -3, 1],
			"faces": {
				"north": {"uv": [8, 8, 12, 10], "texture": "#2"},
				"east": {"uv": [0, 0, 0, 2], "texture": "#2"},
				"south": {"uv": [0, 10, 4, 12], "texture": "#2"},
				"west": {"uv": [0, 0, 0, 2], "texture": "#2"},
				"up": {"uv": [4, 0, 0, 0], "texture": "#2"},
				"down": {"uv": [4, 0, 0, 0], "texture": "#2"}
			}
		},
		{
			"from": [3.5, -8, 1.5],
			"to": [3.5, -6, 4.5],
			"faces": {
				"north": {"uv": [0, 0, 0, 2], "texture": "#2"},
				"east": {"uv": [4, 10, 7, 12], "texture": "#2"},
				"south": {"uv": [0, 0, 0, 2], "texture": "#2"},
				"west": {"uv": [7, 10, 10, 12], "texture": "#2"},
				"up": {"uv": [0, 3, 0, 0], "texture": "#2"},
				"down": {"uv": [0, 0, 0, 3], "texture": "#2"}
			}
		},
		{
			"from": [0.5, -8, 1.5],
			"to": [0.5, -6, 4.5],
			"faces": {
				"north": {"uv": [0, 0, 0, 2], "texture": "#2"},
				"east": {"uv": [10, 10, 13, 12], "texture": "#2"},
				"south": {"uv": [0, 0, 0, 2], "texture": "#2"},
				"west": {"uv": [0, 12, 3, 14], "texture": "#2"},
				"up": {"uv": [0, 3, 0, 0], "texture": "#2"},
				"down": {"uv": [0, 0, 0, 3], "texture": "#2"}
			}
		},
		{
			"from": [0.5, -8, 1.5],
			"to": [3.5, -6, 1.5],
			"faces": {
				"north": {"uv": [12, 0, 15, 2], "texture": "#2"},
				"east": {"uv": [0, 0, 0, 2], "texture": "#2"},
				"south": {"uv": [12, 2, 15, 4], "texture": "#2"},
				"west": {"uv": [0, 0, 0, 2], "texture": "#2"},
				"up": {"uv": [3, 0, 0, 0], "texture": "#2"},
				"down": {"uv": [3, 0, 0, 0], "texture": "#2"}
			}
		},
		{
			"from": [0.5, -8, 4.5],
			"to": [3.5, -6, 4.5],
			"faces": {
				"north": {"uv": [3, 12, 6, 14], "texture": "#2"},
				"east": {"uv": [0, 0, 0, 2], "texture": "#2"},
				"south": {"uv": [12, 4, 15, 6], "texture": "#2"},
				"west": {"uv": [0, 0, 0, 2], "texture": "#2"},
				"up": {"uv": [3, 0, 0, 0], "texture": "#2"},
				"down": {"uv": [3, 0, 0, 0], "texture": "#2"}
			}
		},
		{
			"from": [11.5, -8, 4.5],
			"to": [14.5, -6, 4.5],
			"faces": {
				"north": {"uv": [6, 12, 9, 14], "texture": "#2"},
				"east": {"uv": [0, 0, 0, 2], "texture": "#2"},
				"south": {"uv": [12, 6, 15, 8], "texture": "#2"},
				"west": {"uv": [0, 0, 0, 2], "texture": "#2"},
				"up": {"uv": [3, 0, 0, 0], "texture": "#2"},
				"down": {"uv": [3, 0, 0, 0], "texture": "#2"}
			}
		},
		{
			"from": [14.5, -8, 1.5],
			"to": [14.5, -6, 4.5],
			"faces": {
				"north": {"uv": [0, 0, 0, 2], "texture": "#2"},
				"east": {"uv": [12, 8, 15, 10], "texture": "#2"},
				"south": {"uv": [0, 0, 0, 2], "texture": "#2"},
				"west": {"uv": [9, 12, 12, 14], "texture": "#2"},
				"up": {"uv": [0, 3, 0, 0], "texture": "#2"},
				"down": {"uv": [0, 0, 0, 3], "texture": "#2"}
			}
		},
		{
			"from": [11.5, -8, 1.5],
			"to": [11.5, -6, 4.5],
			"faces": {
				"north": {"uv": [0, 0, 0, 2], "texture": "#2"},
				"east": {"uv": [12, 12, 15, 14], "texture": "#2"},
				"south": {"uv": [0, 0, 0, 2], "texture": "#2"},
				"west": {"uv": [13, 10, 16, 12], "texture": "#2"},
				"up": {"uv": [0, 3, 0, 0], "texture": "#2"},
				"down": {"uv": [0, 0, 0, 3], "texture": "#2"}
			}
		},
		{
			"from": [11.5, -8, 1.5],
			"to": [14.5, -6, 1.5],
			"faces": {
				"north": {"uv": [0, 14, 3, 16], "texture": "#2"},
				"east": {"uv": [0, 0, 0, 2], "texture": "#2"},
				"south": {"uv": [3, 14, 6, 16], "texture": "#2"},
				"west": {"uv": [0, 0, 0, 2], "texture": "#2"},
				"up": {"uv": [3, 0, 0, 0], "texture": "#2"},
				"down": {"uv": [3, 0, 0, 0], "texture": "#2"}
			}
		},
		{
			"from": [1.5, -9, 2.5],
			"to": [2.5, -9, 3.5],
			"faces": {
				"north": {"uv": [0, 0, 1, 0], "texture": "#2"},
				"east": {"uv": [0, 0, 1, 0], "texture": "#2"},
				"south": {"uv": [0, 0, 1, 0], "texture": "#2"},
				"west": {"uv": [0, 0, 1, 0], "texture": "#2"},
				"up": {"uv": [7, 15, 6, 14], "texture": "#2"},
				"down": {"uv": [8, 14, 7, 15], "texture": "#2"}
			}
		},
		{
			"from": [12.5, -9, 2.5],
			"to": [13.5, -9, 3.5],
			"faces": {
				"north": {"uv": [0, 0, 1, 0], "texture": "#2"},
				"east": {"uv": [0, 0, 1, 0], "texture": "#2"},
				"south": {"uv": [0, 0, 1, 0], "texture": "#2"},
				"west": {"uv": [0, 0, 1, 0], "texture": "#2"},
				"up": {"uv": [9, 15, 8, 14], "texture": "#2"},
				"down": {"uv": [10, 14, 9, 15], "texture": "#2"}
			}
		},
		{
			"from": [-0.5, 0, 0.5],
			"to": [4.5, 11, 5.5],
			"faces": {
				"north": {"uv": [0, 0, 1.25, 2.75], "texture": "#0"},
				"east": {"uv": [1.25, 0, 2.5, 2.75], "texture": "#0"},
				"south": {"uv": [2.5, 0, 3.75, 2.75], "texture": "#0"},
				"west": {"uv": [0, 2.75, 1.25, 5.5], "texture": "#0"},
				"up": {"uv": [8.5, 3.75, 7.25, 2.5], "texture": "#0"},
				"down": {"uv": [8.5, 3.75, 7.25, 5], "texture": "#0"}
			}
		},
		{
			"from": [10.5, 0, 0.5],
			"to": [15.5, 11, 5.5],
			"faces": {
				"north": {"uv": [1.25, 2.75, 2.5, 5.5], "texture": "#0"},
				"east": {"uv": [2.5, 2.75, 3.75, 5.5], "texture": "#0"},
				"south": {"uv": [3.75, 0, 5, 2.75], "texture": "#0"},
				"west": {"uv": [3.75, 2.75, 5, 5.5], "texture": "#0"},
				"up": {"uv": [8.5, 6.25, 7.25, 5], "texture": "#0"},
				"down": {"uv": [8.5, 6.25, 7.25, 7.5], "texture": "#0"}
			}
		}
	],
	"display": {
		"thirdperson_righthand": {
			"translation": [0, 0, 2.5],
			"scale": [0.7, 0.7, 0.7]
		},
		"thirdperson_lefthand": {
			"translation": [0, 0, 2.5],
			"scale": [0.7, 0.7, 0.7]
		},
		"ground": {
			"translation": [0, 0, 3.25],
			"scale": [0.6, 0.6, 0.6]
		},
		"gui": {
			"rotation": [41, 30, 0],
			"translation": [2, 0.25, 0],
			"scale": [0.6, 0.6, 0.6]
		},
		"head": {
			"rotation": [-2, 0, 0],
			"translation": [0.25, -53, 17],
			"scale": [1.5, 1.5, 1.5]
		}
	},
	"groups": [
		{
			"name": "jetpack",
			"origin": [8, 8, 8],
			"color": 0,
			"nbt": "{}",
			"armAnimationEnabled": false,
			"children": [
				0,
				1,
				2,
				3,
				4,
				5,
				6,
				7,
				8,
				9,
				10,
				{
					"name": "jetpack_animation",
					"origin": [8, 8, 8],
					"color": 0,
					"nbt": "{}",
					"armAnimationEnabled": false,
					"children": [11, 12, 13, 14, 15, 16, 17, 18, 19, 20, 21, 22, 23, 24, 25, 26, 27, 28]
				},
				{
					"name": "jetpack_layer",
					"origin": [0, 0, 0],
					"color": 0,
					"nbt": "{}",
					"armAnimationEnabled": false,
					"children": [29, 30]
				}
			]
		}
	]
}