{
	"credit": "Made with Blockbench",
	"texture_size": [64, 64],
	"textures": {
		"0": "hmccosmetics:items/microphone",
		"particle": "hmccosmetics:items/microphone"
	},
	"elements": [
		{
			"from": [7.875, 0, 7.875],
			"to": [8.125, 15, 8.125],
			"rotation": {"angle": 45, "axis": "y", "origin": [8, 0, 8]},
			"faces": {
				"north": {"uv": [0.5, 4.5, 1.5, 5.5], "texture": "#0"},
				"east": {"uv": [0.5, 4.5, 1.5, 5.5], "texture": "#0"},
				"south": {"uv": [0.5, 4.5, 1.5, 5.5], "texture": "#0"},
				"west": {"uv": [0.5, 4.5, 1.5, 5.5], "texture": "#0"},
				"up": {"uv": [0.5, 4.5, 1.5, 5.5], "texture": "#0"},
				"down": {"uv": [0.5, 4.5, 1.5, 5.5], "texture": "#0"}
			}
		},
		{
			"from": [7.625, -0.025, 7.625],
			"to": [8.375, 0.075, 8.375],
			"rotation": {"angle": 45, "axis": "y", "origin": [8, 0, 8]},
			"faces": {
				"north": {"uv": [0.75, 1.25, 2.5, 2.25], "texture": "#0"},
				"east": {"uv": [0.75, 1.25, 2.5, 2.25], "texture": "#0"},
				"south": {"uv": [0.75, 1.25, 2.5, 2.25], "texture": "#0"},
				"west": {"uv": [0.75, 1.25, 2.5, 2.25], "texture": "#0"},
				"up": {"uv": [1.75, 1.25, 2.75, 2.25], "texture": "#0"},
				"down": {"uv": [1.75, 1.25, 2.75, 2.25], "texture": "#0"}
			}
		},
		{
			"from": [7.625, 14.875, 7.625],
			"to": [8.375, 15.15, 8.375],
			"rotation": {"angle": 45, "axis": "y", "origin": [8, 0, 8]},
			"faces": {
				"north": {"uv": [0.75, 1, 2.5, 2], "texture": "#0"},
				"east": {"uv": [0.75, 1, 2.5, 2], "texture": "#0"},
				"south": {"uv": [0.75, 1, 2.5, 2], "texture": "#0"},
				"west": {"uv": [0.75, 1, 2.5, 2], "texture": "#0"},
				"up": {"uv": [1.75, 1, 2.75, 2], "texture": "#0"},
				"down": {"uv": [1.75, 1, 2.75, 2], "texture": "#0"}
			}
		},
		{
			"from": [7.125, 17.493, 7.375],
			"to": [8.875, 17.868, 8.875],
			"rotation": {"angle": 0, "axis": "x", "origin": [8, 15.75, 8]},
			"faces": {
				"north": {"uv": [1.75, 2.25, 1.5, 1.25], "texture": "#0"},
				"east": {"uv": [1.75, 2.25, 1.5, 1.25], "texture": "#0"},
				"south": {"uv": [1.75, 2.25, 1.5, 1.25], "texture": "#0"},
				"west": {"uv": [1.75, 2.25, 1.5, 1.25], "texture": "#0"},
				"up": {"uv": [1.75, 1.25, 2.75, 2.25], "rotation": 90, "texture": "#0"},
				"down": {"uv": [1.75, 1.25, 2.75, 2.25], "rotation": 270, "texture": "#0"}
			}
		},
		{
			"from": [7.125, 11.25, -2.631],
			"to": [8.875, 11.6, -2.256],
			"rotation": {"angle": 45, "axis": "x", "origin": [8, -0.25, 8]},
			"faces": {
				"north": {"uv": [1.75, 1.25, 1.5, 2.25], "texture": "#0"},
				"east": {"uv": [1.75, 1.25, 1.5, 2.25], "texture": "#0"},
				"south": {"uv": [1.75, 1.25, 1.5, 2.25], "texture": "#0"},
				"west": {"uv": [1.75, 1.25, 1.5, 2.25], "texture": "#0"},
				"up": {"uv": [2.75, 1.25, 1.75, 2.25], "rotation": 270, "texture": "#0"},
				"down": {"uv": [2.75, 1.25, 1.75, 2.25], "rotation": 90, "texture": "#0"}
			}
		},
		{
			"from": [7.125, 15.127, 7.375],
			"to": [8.875, 15.502, 8.875],
			"rotation": {"angle": 0, "axis": "x", "origin": [8, 17.25, 8]},
			"faces": {
				"north": {"uv": [1.75, 1.25, 1.5, 2.25], "texture": "#0"},
				"east": {"uv": [1.75, 1.25, 1.5, 2.25], "texture": "#0"},
				"south": {"uv": [1.75, 1.25, 1.5, 2.25], "texture": "#0"},
				"west": {"uv": [1.75, 1.25, 1.5, 2.25], "texture": "#0"},
				"up": {"uv": [2.75, 1.25, 1.75, 2.25], "rotation": 270, "texture": "#0"},
				"down": {"uv": [2.75, 1.25, 1.75, 2.25], "rotation": 90, "texture": "#0"}
			}
		},
		{
			"from": [18.25, 11.25, 7.375],
			"to": [18.75, 11.59, 8.875],
			"rotation": {"angle": 45, "axis": "z", "origin": [8, -0.25, 8]},
			"faces": {
				"north": {"uv": [1.75, 1.25, 1.5, 2.25], "texture": "#0"},
				"east": {"uv": [1.75, 1.25, 1.5, 2.25], "texture": "#0"},
				"south": {"uv": [1.75, 1.25, 1.5, 2.25], "texture": "#0"},
				"west": {"uv": [1.75, 1.25, 1.5, 2.25], "texture": "#0"},
				"up": {"uv": [2.75, 1.25, 1.75, 2.25], "rotation": 270, "texture": "#0"},
				"down": {"uv": [2.75, 1.25, 1.75, 2.25], "rotation": 90, "texture": "#0"}
			}
		},
		{
			"from": [8.75, 15.375, 7.375],
			"to": [9.125, 17.625, 8.875],
			"rotation": {"angle": 0, "axis": "x", "origin": [8, -0.25, 8]},
			"faces": {
				"north": {"uv": [1.5, 1.25, 1.75, 2.25], "texture": "#0"},
				"east": {"uv": [1.5, 1.25, 1.75, 2.25], "texture": "#0"},
				"south": {"uv": [1.5, 1.25, 1.75, 2.25], "texture": "#0"},
				"west": {"uv": [1.5, 1.25, 1.75, 2.25], "texture": "#0"},
				"up": {"uv": [2.75, 2.25, 1.75, 1.25], "rotation": 270, "texture": "#0"},
				"down": {"uv": [2.75, 2.25, 1.75, 1.25], "rotation": 90, "texture": "#0"}
			}
		},
		{
			"from": [-2.75, 11.25, 7.375],
			"to": [-2.25, 11.59, 8.875],
			"rotation": {"angle": -45, "axis": "z", "origin": [8, -0.25, 8]},
			"faces": {
				"north": {"uv": [1.5, 1.25, 1.75, 2.25], "texture": "#0"},
				"east": {"uv": [1.5, 1.25, 1.75, 2.25], "texture": "#0"},
				"south": {"uv": [1.5, 1.25, 1.75, 2.25], "texture": "#0"},
				"west": {"uv": [1.5, 1.25, 1.75, 2.25], "texture": "#0"},
				"up": {"uv": [2.75, 2.25, 1.75, 1.25], "rotation": 270, "texture": "#0"},
				"down": {"uv": [2.75, 2.25, 1.75, 1.25], "rotation": 90, "texture": "#0"}
			}
		},
		{
			"from": [6.875, 15.375, 7.375],
			"to": [7.25, 17.625, 8.875],
			"rotation": {"angle": 0, "axis": "x", "origin": [8, -0.25, 8]},
			"faces": {
				"north": {"uv": [1.75, 1.25, 1.5, 2.25], "texture": "#0"},
				"east": {"uv": [1.75, 1.25, 1.5, 2.25], "texture": "#0"},
				"south": {"uv": [1.75, 1.25, 1.5, 2.25], "texture": "#0"},
				"west": {"uv": [1.75, 1.25, 1.5, 2.25], "texture": "#0"},
				"up": {"uv": [2.75, 1.25, 1.75, 2.25], "rotation": 270, "texture": "#0"},
				"down": {"uv": [2.75, 1.25, 1.75, 2.25], "rotation": 90, "texture": "#0"}
			}
		},
		{
			"from": [7.125, 15.379, 8.875],
			"to": [8.875, 17.629, 9.125],
			"rotation": {"angle": 0, "axis": "x", "origin": [8, -0.25, 8]},
			"faces": {
				"north": {"uv": [1.75, 1.25, 1.5, 2.25], "texture": "#0"},
				"east": {"uv": [1.75, 1.25, 1.5, 2.25], "texture": "#0"},
				"south": {"uv": [1.75, 1.25, 1.5, 2.25], "texture": "#0"},
				"west": {"uv": [1.75, 1.25, 1.5, 2.25], "texture": "#0"},
				"up": {"uv": [2.75, 1.25, 1.75, 2.25], "rotation": 270, "texture": "#0"},
				"down": {"uv": [2.75, 1.25, 1.75, 2.25], "rotation": 90, "texture": "#0"}
			}
		},
		{
			"from": [7.125, 15.5, 7.675],
			"to": [8.875, 17.625, 8.925],
			"rotation": {"angle": 0, "axis": "x", "origin": [8, -0.25, 8]},
			"faces": {
				"north": {"uv": [5.5, 1.5, 5.25, 2.5], "texture": "#0"},
				"east": {"uv": [5.5, 1.5, 5.25, 2.5], "texture": "#0"},
				"south": {"uv": [5.5, 1.5, 5.25, 2.5], "texture": "#0"},
				"west": {"uv": [5.5, 1.5, 5.25, 2.5], "texture": "#0"},
				"up": {"uv": [6.5, 1.5, 5.5, 2.5], "rotation": 270, "texture": "#0"},
				"down": {"uv": [6.5, 1.5, 5.5, 2.5], "rotation": 90, "texture": "#0"}
			}
		},
		{
			"from": [8.771, 16.9, 7.275],
			"to": [8.9375, 17.05, 7.71],
			"rotation": {"angle": 45, "axis": "z", "origin": [8, 15.875, 8.025]},
			"faces": {
				"north": {"uv": [13.5, 1.25, 13.75, 2.25], "texture": "#0"},
				"east": {"uv": [13.5, 1.25, 13.75, 2.25], "texture": "#0"},
				"south": {"uv": [13.5, 1.25, 13.75, 2.25], "texture": "#0"},
				"west": {"uv": [13.5, 1.25, 13.75, 2.25], "texture": "#0"},
				"up": {"uv": [14.75, 2.25, 13.75, 1.25], "rotation": 270, "texture": "#0"},
				"down": {"uv": [14.75, 2.25, 13.75, 1.25], "rotation": 90, "texture": "#0"}
			}
		},
		{
			"from": [7.0625, 16.9, 7.275],
			"to": [7.229, 17.05, 7.71],
			"rotation": {"angle": -45, "axis": "z", "origin": [8, 15.875, 8.025]},
			"faces": {
				"north": {"uv": [13.75, 1.25, 13.5, 2.25], "texture": "#0"},
				"east": {"uv": [13.75, 1.25, 13.5, 2.25], "texture": "#0"},
				"south": {"uv": [13.75, 1.25, 13.5, 2.25], "texture": "#0"},
				"west": {"uv": [13.75, 1.25, 13.5, 2.25], "texture": "#0"},
				"up": {"uv": [14.75, 1.25, 13.75, 2.25], "rotation": 270, "texture": "#0"},
				"down": {"uv": [14.75, 1.25, 13.75, 2.25], "rotation": 90, "texture": "#0"}
			}
		},
		{
			"from": [7.8375, 17.25, 7.275],
			"to": [8.1625, 17.369, 7.71],
			"rotation": {"angle": 0, "axis": "x", "origin": [8, -0.125, 8.025]},
			"faces": {
				"north": {"uv": [13.75, 1.25, 13.5, 2.25], "texture": "#0"},
				"east": {"uv": [13.75, 1.25, 13.5, 2.25], "texture": "#0"},
				"south": {"uv": [13.75, 1.25, 13.5, 2.25], "texture": "#0"},
				"west": {"uv": [13.75, 1.25, 13.5, 2.25], "texture": "#0"},
				"up": {"uv": [14.75, 1.25, 13.75, 2.25], "rotation": 270, "texture": "#0"},
				"down": {"uv": [14.75, 1.25, 13.75, 2.25], "rotation": 90, "texture": "#0"}
			}
		},
		{
			"from": [7.7125, 16.7375, 7.275],
			"to": [8.2875, 17.25, 7.71],
			"rotation": {"angle": 0, "axis": "x", "origin": [8, -0.125, 8.025]},
			"faces": {
				"north": {"uv": [13.75, 1.25, 13.5, 2.25], "texture": "#0"},
				"east": {"uv": [13.75, 1.25, 13.5, 2.25], "texture": "#0"},
				"south": {"uv": [13.75, 1.25, 13.5, 2.25], "texture": "#0"},
				"west": {"uv": [13.75, 1.25, 13.5, 2.25], "texture": "#0"},
				"up": {"uv": [14.75, 1.25, 13.75, 2.25], "rotation": 270, "texture": "#0"},
				"down": {"uv": [14.75, 1.25, 13.75, 2.25], "rotation": 90, "texture": "#0"}
			}
		},
		{
			"from": [7.7, 15.8875, 7.2625],
			"to": [8.3, 16.75, 7.7125],
			"rotation": {"angle": 0, "axis": "x", "origin": [8, -0.25, 8.0625]},
			"faces": {
				"north": {"uv": [5.5, 5.25, 5.25, 6.25], "texture": "#0"},
				"east": {"uv": [5.5, 5.25, 5.25, 6.25], "texture": "#0"},
				"south": {"uv": [5.5, 5.25, 5.25, 6.25], "texture": "#0"},
				"west": {"uv": [5.5, 5.25, 5.25, 6.25], "texture": "#0"},
				"up": {"uv": [6.5, 5.25, 5.5, 6.25], "rotation": 270, "texture": "#0"},
				"down": {"uv": [6.5, 5.25, 5.5, 6.25], "rotation": 90, "texture": "#0"}
			}
		},
		{
			"name": "eye",
			"from": [7.75, 16.3, 7.261],
			"to": [8, 16.55, 7.261],
			"rotation": {"angle": -45, "axis": "z", "origin": [8, 16.3, 8.0625]},
			"faces": {
				"north": {"uv": [9.5, 1.5, 9.25, 2.5], "texture": "#0"},
				"east": {"uv": [9.5, 1.5, 9.25, 2.5], "texture": "#0"},
				"south": {"uv": [9.5, 1.5, 9.25, 2.5], "texture": "#0"},
				"west": {"uv": [9.5, 1.5, 9.25, 2.5], "texture": "#0"},
				"up": {"uv": [10.5, 1.5, 9.5, 2.5], "rotation": 270, "texture": "#0"},
				"down": {"uv": [10.5, 1.5, 9.5, 2.5], "rotation": 90, "texture": "#0"}
			}
		},
		{
			"name": "eye",
			"from": [7.85, 16.15, 7.261],
			"to": [8.15, 16.45, 7.261],
			"rotation": {"angle": -45, "axis": "z", "origin": [8, 16.3, 8.0625]},
			"faces": {
				"north": {"uv": [9.5, 1.5, 9.25, 2.5], "texture": "#0"},
				"east": {"uv": [9.5, 1.5, 9.25, 2.5], "texture": "#0"},
				"south": {"uv": [9.5, 1.5, 9.25, 2.5], "texture": "#0"},
				"west": {"uv": [9.5, 1.5, 9.25, 2.5], "texture": "#0"},
				"up": {"uv": [10.5, 1.5, 9.5, 2.5], "rotation": 270, "texture": "#0"},
				"down": {"uv": [10.5, 1.5, 9.5, 2.5], "rotation": 90, "texture": "#0"}
			}
		},
		{
			"name": "eye",
			"from": [7.975, 16.15, 7.258],
			"to": [8.025, 16.45, 7.258],
			"rotation": {"angle": 0, "axis": "x", "origin": [8, 16.3, 8.0625]},
			"faces": {
				"north": {"uv": [2, 5.25, 1.75, 6.25], "texture": "#0"},
				"east": {"uv": [2, 5.25, 1.75, 6.25], "texture": "#0"},
				"south": {"uv": [2, 5.25, 1.75, 6.25], "texture": "#0"},
				"west": {"uv": [2, 5.25, 1.75, 6.25], "texture": "#0"},
				"up": {"uv": [3, 5.25, 2, 6.25], "rotation": 270, "texture": "#0"},
				"down": {"uv": [3, 5.25, 2, 6.25], "rotation": 90, "texture": "#0"}
			}
		},
		{
			"name": "eye",
			"from": [7.825, 16.125, 7.261],
			"to": [8.175, 16.475, 7.261],
			"rotation": {"angle": 0, "axis": "x", "origin": [8, 16.3, 8.0625]},
			"faces": {
				"north": {"uv": [9.5, 1.5, 9.25, 2.5], "texture": "#0"},
				"east": {"uv": [9.5, 1.5, 9.25, 2.5], "texture": "#0"},
				"south": {"uv": [9.5, 1.5, 9.25, 2.5], "texture": "#0"},
				"west": {"uv": [9.5, 1.5, 9.25, 2.5], "texture": "#0"},
				"up": {"uv": [10.5, 1.5, 9.5, 2.5], "rotation": 270, "texture": "#0"},
				"down": {"uv": [10.5, 1.5, 9.5, 2.5], "rotation": 90, "texture": "#0"}
			}
		},
		{
			"name": "eye",
			"from": [8, 16.05, 7.261],
			"to": [8.25, 16.3, 7.261],
			"rotation": {"angle": -45, "axis": "z", "origin": [8, 16.3, 8.0625]},
			"faces": {
				"north": {"uv": [9.5, 1.5, 9.25, 2.5], "texture": "#0"},
				"east": {"uv": [9.5, 1.5, 9.25, 2.5], "texture": "#0"},
				"south": {"uv": [9.5, 1.5, 9.25, 2.5], "texture": "#0"},
				"west": {"uv": [9.5, 1.5, 9.25, 2.5], "texture": "#0"},
				"up": {"uv": [10.5, 1.5, 9.5, 2.5], "rotation": 270, "texture": "#0"},
				"down": {"uv": [10.5, 1.5, 9.5, 2.5], "rotation": 90, "texture": "#0"}
			}
		},
		{
			"from": [-3.6225, 10.9475, 7.2655],
			"to": [-3.1975, 11.3725, 7.7155],
			"rotation": {"angle": -45, "axis": "z", "origin": [8, -0.25, 8.0625]},
			"faces": {
				"north": {"uv": [5.5, 5.25, 5.25, 6.25], "texture": "#0"},
				"east": {"uv": [5.5, 5.25, 5.25, 6.25], "texture": "#0"},
				"south": {"uv": [5.5, 5.25, 5.25, 6.25], "texture": "#0"},
				"west": {"uv": [5.5, 5.25, 5.25, 6.25], "texture": "#0"},
				"up": {"uv": [6.5, 5.25, 5.5, 6.25], "rotation": 270, "texture": "#0"},
				"down": {"uv": [6.5, 5.25, 5.5, 6.25], "rotation": 90, "texture": "#0"}
			}
		},
		{
			"from": [18.25, 21.41, 7.375],
			"to": [18.75, 21.75, 8.875],
			"rotation": {"angle": -45, "axis": "z", "origin": [8, 33.25, 8]},
			"faces": {
				"north": {"uv": [1.75, 2.25, 1.5, 1.25], "texture": "#0"},
				"east": {"uv": [1.75, 2.25, 1.5, 1.25], "texture": "#0"},
				"south": {"uv": [1.75, 2.25, 1.5, 1.25], "texture": "#0"},
				"west": {"uv": [1.75, 2.25, 1.5, 1.25], "texture": "#0"},
				"up": {"uv": [1.75, 1.25, 2.75, 2.25], "rotation": 90, "texture": "#0"},
				"down": {"uv": [1.75, 1.25, 2.75, 2.25], "rotation": 270, "texture": "#0"}
			}
		},
		{
			"from": [-2.75, 21.41, 7.375],
			"to": [-2.25, 21.75, 8.875],
			"rotation": {"angle": 45, "axis": "z", "origin": [8, 33.25, 8]},
			"faces": {
				"north": {"uv": [1.5, 2.25, 1.75, 1.25], "texture": "#0"},
				"east": {"uv": [1.5, 2.25, 1.75, 1.25], "texture": "#0"},
				"south": {"uv": [1.5, 2.25, 1.75, 1.25], "texture": "#0"},
				"west": {"uv": [1.5, 2.25, 1.75, 1.25], "texture": "#0"},
				"up": {"uv": [1.75, 2.25, 2.75, 1.25], "rotation": 90, "texture": "#0"},
				"down": {"uv": [1.75, 2.25, 2.75, 1.25], "rotation": 270, "texture": "#0"}
			}
		},
		{
			"from": [7.125, 21.4, -2.631],
			"to": [8.875, 21.75, -2.256],
			"rotation": {"angle": -45, "axis": "x", "origin": [8, 33.25, 8]},
			"faces": {
				"north": {"uv": [1.75, 2.25, 1.5, 1.25], "texture": "#0"},
				"east": {"uv": [1.75, 2.25, 1.5, 1.25], "texture": "#0"},
				"south": {"uv": [1.75, 2.25, 1.5, 1.25], "texture": "#0"},
				"west": {"uv": [1.75, 2.25, 1.5, 1.25], "texture": "#0"},
				"up": {"uv": [1.75, 1.25, 2.75, 2.25], "rotation": 90, "texture": "#0"},
				"down": {"uv": [1.75, 1.25, 2.75, 2.25], "rotation": 270, "texture": "#0"}
			}
		}
	],
	"display": {
		"thirdperson_righthand": {
			"rotation": [0.85, 0, 0],
			"translation": [0, -3, 0.75],
			"scale": [1, 1.1, 1]
		},
		"thirdperson_lefthand": {
			"rotation": [0.85, 0, 0],
			"translation": [0, -3, 0.75],
			"scale": [1, 1.1, 1]
		},
		"firstperson_righthand": {
			"rotation": [-25, 0, 2],
			"translation": [-1.25, -1, 4.5],
			"scale": [1, 1.1, 1]
		},
		"firstperson_lefthand": {
			"rotation": [-25, 0, 2],
			"translation": [-1.25, -1, 4.5],
			"scale": [1, 1.1, 1]
		},
		"ground": {
			"rotation": [43, 0, 79],
			"translation": [0, -0.5, 0],
			"scale": [0.9, 1, 0.9]
		},
		"gui": {
			"rotation": [142.74, -6.88, 140.51],
			"translation": [0.25, 0, 0],
			"scale": [1, 1.1, 1]
		},
		"head": {
			"translation": [0, -4.25, 0]
		},
		"fixed": {
			"rotation": [-3, 0, 28],
			"translation": [0, 0, -1.5],
			"scale": [2, 2.1, 2]
		}
	},
	"groups": [
		0,
		1,
		2,
		3,
		4,
		5,
		6,
		7,
		8,
		9,
		10,
		11,
		{
			"name": "mic",
			"origin": [8, -0.25, 7.975],
			"color": 0,
			"children": [12, 13, 14, 15, 16, 17, 18, 19, 20, 21, 22]
		},
		23,
		24,
		25
	]
}