{
	"credit": "Made with Blockbench",
	"texture_size": [32, 32],
	"textures": {
		"1": "hmccosmetics:items/suctionbackpack"
	},
	"elements": [
		{
			"from": [5.925, -15.5, 5.75],
			"to": [10.25, -10, 8.25],
			"rotation": {"angle": 0, "axis": "y", "origin": [8, -13, 5]},
			"faces": {
				"north": {"uv": [0, 0, 0.5, 0.5], "texture": "#1"},
				"east": {"uv": [0, 0, 0.5, 0.5], "texture": "#1"},
				"south": {"uv": [0, 0, 0.5, 0.5], "texture": "#1"},
				"west": {"uv": [0, 0, 0.5, 0.5], "texture": "#1"},
				"up": {"uv": [0.5, 0.5, 0, 0], "texture": "#1"},
				"down": {"uv": [0.5, 0, 0, 0.5], "texture": "#1"}
			}
		},
		{
			"from": [6.35, -10, 6.25],
			"to": [7.1, -9.25, 7],
			"rotation": {"angle": 0, "axis": "y", "origin": [8, -13, 5]},
			"faces": {
				"north": {"uv": [0, 0, 0.5, 0.5], "texture": "#1"},
				"east": {"uv": [0, 0, 0.5, 0.5], "texture": "#1"},
				"south": {"uv": [0, 0, 0.5, 0.5], "texture": "#1"},
				"west": {"uv": [0, 0, 0.5, 0.5], "texture": "#1"},
				"up": {"uv": [0.5, 0, 0, 0.5], "texture": "#1"},
				"down": {"uv": [0.5, 0.5, 0, 0], "texture": "#1"}
			}
		},
		{
			"from": [9.1, -10, 6.25],
			"to": [9.85, -9.25, 7],
			"rotation": {"angle": 0, "axis": "y", "origin": [8, -13, 5]},
			"faces": {
				"north": {"uv": [0, 0, 0.5, 0.5], "texture": "#1"},
				"east": {"uv": [0, 0, 0.5, 0.5], "texture": "#1"},
				"south": {"uv": [0, 0, 0.5, 0.5], "texture": "#1"},
				"west": {"uv": [0, 0, 0.5, 0.5], "texture": "#1"},
				"up": {"uv": [0.5, 0, 0, 0.5], "texture": "#1"},
				"down": {"uv": [0.5, 0.5, 0, 0], "texture": "#1"}
			}
		},
		{
			"from": [7.1, -11.25, 7.75],
			"to": [7.35, -11, 8.5],
			"rotation": {"angle": 0, "axis": "y", "origin": [8, -13, 5]},
			"faces": {
				"north": {"uv": [0.5, 0, 0.5, 0], "texture": "#1"},
				"east": {"uv": [0.5, 0, 0.5, 0], "texture": "#1"},
				"south": {"uv": [0.5, 0, 0.5, 0], "texture": "#1"},
				"west": {"uv": [0.5, 0, 0.5, 0], "texture": "#1"},
				"up": {"uv": [0.5, 0, 0.5, 0], "texture": "#1"},
				"down": {"uv": [0.5, 0, 0.5, 0], "texture": "#1"}
			}
		},
		{
			"from": [8.85, -11.25, 7.75],
			"to": [9.1, -11, 8.5],
			"rotation": {"angle": 0, "axis": "y", "origin": [8, -13, 5]},
			"faces": {
				"north": {"uv": [0.5, 0, 1, 0.5], "texture": "#1"},
				"east": {"uv": [0.5, 0, 1, 0.5], "texture": "#1"},
				"south": {"uv": [0.5, 0, 1, 0.5], "texture": "#1"},
				"west": {"uv": [0.5, 0, 1, 0.5], "texture": "#1"},
				"up": {"uv": [0.5, 0, 1, 0.5], "texture": "#1"},
				"down": {"uv": [0.5, 0, 1, 0.5], "texture": "#1"}
			}
		},
		{
			"from": [6.1, -15.75, 5.75],
			"to": [10.1, -12.5, 8.75],
			"rotation": {"angle": 0, "axis": "y", "origin": [8, -13, 5]},
			"faces": {
				"north": {"uv": [0, 0, 0.5, 0.5], "texture": "#1"},
				"east": {"uv": [0, 0, 0.5, 0.5], "texture": "#1"},
				"south": {"uv": [0, 0, 0.5, 0.5], "texture": "#1"},
				"west": {"uv": [0, 0, 0.5, 0.5], "texture": "#1"},
				"up": {"uv": [0.5, 0.5, 0, 0], "texture": "#1"},
				"down": {"uv": [0.5, 0, 0, 0.5], "texture": "#1"}
			}
		},
		{
			"from": [7.1, -11.5, 7.75],
			"to": [9.1, -11.25, 8.5],
			"rotation": {"angle": 0, "axis": "y", "origin": [8, -13, 5]},
			"faces": {
				"north": {"uv": [0.5, 0.5, 1, 0], "texture": "#1"},
				"east": {"uv": [0.5, 0, 1, 0.5], "texture": "#1"},
				"south": {"uv": [0.5, 0.5, 1, 0], "texture": "#1"},
				"west": {"uv": [0.5, 0, 1, 0.5], "texture": "#1"},
				"up": {"uv": [1, 0.5, 0.5, 0], "texture": "#1"},
				"down": {"uv": [0.5, 0.5, 1, 0], "texture": "#1"}
			}
		}
	],
	"display": {
		"thirdperson_righthand": {
			"rotation": [0, -180, 0],
			"scale": [0.25, 0.25, 0.25]
		},
		"thirdperson_lefthand": {
			"rotation": [0, -180, 0],
			"scale": [0.25, 0.25, 0.25]
		},
		"firstperson_righthand": {
			"rotation": [0, -180, 0],
			"scale": [0.5, 0.5, 0.5]
		},
		"firstperson_lefthand": {
			"rotation": [0, -180, 0],
			"scale": [0.5, 0.5, 0.5]
		},
		"ground": {
			"scale": [0.5, 0.5, 0.5]
		},
		"gui": {
			"rotation": [14, -36, 0],
			"translation": [0, 8, 0],
			"scale": [0.5, 0.5, 0.5]
		},
		"head": {
			"translation": [0, -73.5, 9.25],
			"scale": [2.5, 2.5, 2.5]
		},
		"fixed": {
			"translation": [0, -2.25, 0],
			"scale": [0.75, 0.75, 0.75]
		}
	},
	"groups": [
		{
			"name": "bone",
			"origin": [8, -13, 5],
			"color": 0,
			"children": [0, 1, 2, 3, 4, 5, 6]
		}
	]
}