{
	"credit": "Made with Blockbench",
	"textures": {
		"0": "hmccosmetics:items/suctioncup",
		"particle": "hmccosmetics:items/suctioncup"
	},
	"elements": [
		{
			"from": [8.5, 1.65, 8],
			"to": [9.25, 2.45, 9],
			"rotation": {"angle": 0, "axis": "y", "origin": [8.875, 2.4, 8.5]},
			"faces": {
				"north": {"uv": [9, 10, 10, 11], "texture": "#0"},
				"east": {"uv": [10, 10, 11, 11], "texture": "#0"},
				"south": {"uv": [0, 11, 1, 12], "texture": "#0"},
				"west": {"uv": [1, 11, 2, 12], "texture": "#0"},
				"up": {"uv": [3, 12, 2, 11], "texture": "#0"},
				"down": {"uv": [4, 11, 3, 12], "texture": "#0"}
			}
		},
		{
			"from": [5.75, 2.45, 8],
			"to": [9.25, 2.95, 9],
			"rotation": {"angle": 0, "axis": "y", "origin": [7.5, 3.05, 8.5]},
			"faces": {
				"north": {"uv": [9, 6, 13, 7], "texture": "#0"},
				"east": {"uv": [4, 11, 5, 12], "texture": "#0"},
				"south": {"uv": [9, 7, 13, 8], "texture": "#0"},
				"west": {"uv": [5, 11, 6, 12], "texture": "#0"},
				"up": {"uv": [13, 10, 9, 9], "texture": "#0"},
				"down": {"uv": [4, 10, 0, 11], "texture": "#0"}
			}
		},
		{
			"from": [5.75, 1.65, 8],
			"to": [6.5, 2.45, 9],
			"rotation": {"angle": 0, "axis": "y", "origin": [6.125, 2.4, 8.5]},
			"faces": {
				"north": {"uv": [4, 10, 5, 11], "texture": "#0"},
				"east": {"uv": [5, 10, 6, 11], "texture": "#0"},
				"south": {"uv": [6, 10, 7, 11], "texture": "#0"},
				"west": {"uv": [7, 10, 8, 11], "texture": "#0"},
				"up": {"uv": [9, 11, 8, 10], "texture": "#0"},
				"down": {"uv": [11, 8, 10, 9], "texture": "#0"}
			}
		},
		{
			"from": [5, 0, 6],
			"to": [10, 0.75, 11],
			"rotation": {"angle": 0, "axis": "y", "origin": [7.5, 0.725, 8.5]},
			"faces": {
				"north": {"uv": [5, 8, 10, 9], "texture": "#0"},
				"east": {"uv": [9, 0, 14, 1], "texture": "#0"},
				"south": {"uv": [9, 1, 14, 2], "texture": "#0"},
				"west": {"uv": [9, 2, 14, 3], "texture": "#0"},
				"up": {"uv": [5, 5, 0, 0], "texture": "#0"},
				"down": {"uv": [5, 5, 0, 10], "texture": "#0"}
			}
		},
		{
			"from": [5.5, 0.65, 6.5],
			"to": [9.5, 1.65, 10.5],
			"rotation": {"angle": 0, "axis": "y", "origin": [7.5, 1.5, 8.5]},
			"faces": {
				"north": {"uv": [9, 3, 13, 4], "texture": "#0"},
				"east": {"uv": [9, 4, 13, 5], "texture": "#0"},
				"south": {"uv": [5, 9, 9, 10], "texture": "#0"},
				"west": {"uv": [9, 5, 13, 6], "texture": "#0"},
				"up": {"uv": [9, 4, 5, 0], "texture": "#0"},
				"down": {"uv": [9, 4, 5, 8], "texture": "#0"}
			}
		}
	],
	"display": {
		"thirdperson_righthand": {
			"rotation": [-84.74, -89.67, -166.4],
			"translation": [0.6525, -1.59, 7.75],
			"scale": [1.35, 1.35, 1.35]
		},
		"thirdperson_lefthand": {
			"rotation": [-84.74, -89.67, -166.4],
			"translation": [0.6525, -0.34, 7.75],
			"scale": [1.35, 1.35, 1.35]
		},
		"firstperson_righthand": {
			"rotation": [9.66, 65.15, 57.75],
			"translation": [-6.5, 7.25, 9.75]
		},
		"firstperson_lefthand": {
			"rotation": [13, 59, 51],
			"translation": [-6, 6.5, 8.75]
		},
		"ground": {
			"translation": [0, 10, 0],
			"scale": [1.75, 1.75, 1.75]
		},
		"gui": {
			"translation": [1.5, 19, 0],
			"scale": [3, 3, 3]
		},
		"fixed": {
			"translation": [2, 23.75, 0],
			"scale": [3.75, 4, 0.99]
		}
	},
	"groups": [
		{
			"name": "Cup",
			"origin": [8, 8, 8],
			"color": 0,
			"children": [0, 1, 2, 3, 4]
		}
	]
}