{
	"credit": "Made with Blockbench",
	"texture_size": [32, 32],
	"textures": {
		"1": "hmccosmetics:items/suctionbackpack"
	},
	"elements": [
		{
			"from": [7.1, 4.25, 8.25],
			"to": [9.1, 4.5, 9],
			"rotation": {"angle": 0, "axis": "y", "origin": [8, -13, 5]},
			"faces": {
				"north": {"uv": [0.5, 0.5, 1, 0], "texture": "#1"},
				"east": {"uv": [0.5, 0, 1, 0.5], "texture": "#1"},
				"south": {"uv": [0.5, 0.5, 1, 0], "texture": "#1"},
				"west": {"uv": [0.5, 0, 1, 0.5], "texture": "#1"},
				"up": {"uv": [1, 0.5, 0.5, 0], "texture": "#1"},
				"down": {"uv": [0.5, 0.5, 1, 0], "texture": "#1"}
			}
		},
		{
			"from": [6.175, 0.25, 6.25],
			"to": [10, 5.75, 8.75],
			"rotation": {"angle": 0, "axis": "y", "origin": [8, -13, 5]},
			"faces": {
				"north": {"uv": [0, 0, 0.5, 0.5], "texture": "#1"},
				"east": {"uv": [0, 0, 0.5, 0.5], "texture": "#1"},
				"south": {"uv": [0, 0, 0.5, 0.5], "texture": "#1"},
				"west": {"uv": [0, 0, 0.5, 0.5], "texture": "#1"},
				"up": {"uv": [0.5, 0.5, 0, 0], "texture": "#1"},
				"down": {"uv": [0.5, 0, 0, 0.5], "texture": "#1"}
			}
		},
		{
			"from": [6.35, 5.75, 6.75],
			"to": [7.1, 6.5, 7.5],
			"rotation": {"angle": 0, "axis": "y", "origin": [8, -13, 5]},
			"faces": {
				"north": {"uv": [0, 0, 0.5, 0.5], "texture": "#1"},
				"east": {"uv": [0, 0, 0.5, 0.5], "texture": "#1"},
				"south": {"uv": [0, 0, 0.5, 0.5], "texture": "#1"},
				"west": {"uv": [0, 0, 0.5, 0.5], "texture": "#1"},
				"up": {"uv": [0.5, 0, 0, 0.5], "texture": "#1"},
				"down": {"uv": [0.5, 0.5, 0, 0], "texture": "#1"}
			}
		},
		{
			"from": [9.1, 5.75, 6.75],
			"to": [9.85, 6.5, 7.5],
			"rotation": {"angle": 0, "axis": "y", "origin": [8, -13, 5]},
			"faces": {
				"north": {"uv": [0, 0, 0.5, 0.5], "texture": "#1"},
				"east": {"uv": [0, 0, 0.5, 0.5], "texture": "#1"},
				"south": {"uv": [0, 0, 0.5, 0.5], "texture": "#1"},
				"west": {"uv": [0, 0, 0.5, 0.5], "texture": "#1"},
				"up": {"uv": [0.5, 0, 0, 0.5], "texture": "#1"},
				"down": {"uv": [0.5, 0.5, 0, 0], "texture": "#1"}
			}
		},
		{
			"from": [7.1, 4.5, 8.25],
			"to": [7.35, 4.75, 9],
			"rotation": {"angle": 0, "axis": "y", "origin": [8, -13, 5]},
			"faces": {
				"north": {"uv": [0.5, 0, 0.5, 0], "texture": "#1"},
				"east": {"uv": [0.5, 0, 0.5, 0], "texture": "#1"},
				"south": {"uv": [0.5, 0, 0.5, 0], "texture": "#1"},
				"west": {"uv": [0.5, 0, 0.5, 0], "texture": "#1"},
				"up": {"uv": [0.5, 0, 0.5, 0], "texture": "#1"},
				"down": {"uv": [0.5, 0, 0.5, 0], "texture": "#1"}
			}
		},
		{
			"from": [8.85, 4.5, 8.25],
			"to": [9.1, 4.75, 9],
			"rotation": {"angle": 0, "axis": "y", "origin": [8, -13, 5]},
			"faces": {
				"north": {"uv": [0.5, 0, 1, 0.5], "texture": "#1"},
				"east": {"uv": [0.5, 0, 1, 0.5], "texture": "#1"},
				"south": {"uv": [0.5, 0, 1, 0.5], "texture": "#1"},
				"west": {"uv": [0.5, 0, 1, 0.5], "texture": "#1"},
				"up": {"uv": [0.5, 0, 1, 0.5], "texture": "#1"},
				"down": {"uv": [0.5, 0, 1, 0.5], "texture": "#1"}
			}
		},
		{
			"from": [6.35, 0, 6.25],
			"to": [9.85, 3.25, 9.25],
			"rotation": {"angle": 0, "axis": "y", "origin": [8, -13, 5]},
			"faces": {
				"north": {"uv": [0, 0, 0.5, 0.5], "texture": "#1"},
				"east": {"uv": [0, 0, 0.5, 0.5], "texture": "#1"},
				"south": {"uv": [0, 0, 0.5, 0.5], "texture": "#1"},
				"west": {"uv": [0, 0, 0.5, 0.5], "texture": "#1"},
				"up": {"uv": [0.5, 0.5, 0, 0], "texture": "#1"},
				"down": {"uv": [0.5, 0, 0, 0.5], "texture": "#1"}
			}
		}
	],
	"display": {
		"thirdperson_righthand": {
			"rotation": [0, -180, 0],
			"translation": [0, 4, 0],
			"scale": [0.6, 0.6, 0.6]
		},
		"thirdperson_lefthand": {
			"rotation": [0, -180, 0],
			"translation": [0, 4, 0],
			"scale": [0.6, 0.6, 0.6]
		},
		"firstperson_righthand": {
			"rotation": [0, -180, 0],
			"translation": [1.5, 4.5, 0]
		},
		"firstperson_lefthand": {
			"rotation": [0, -180, 0],
			"translation": [1.75, 4.5, 0]
		},
		"gui": {
			"rotation": [14, -36, 0],
			"translation": [0, 9.25, 0],
			"scale": [2, 2, 2]
		},
		"head": {
			"translation": [0, -65, 9.25],
			"scale": [1.5, 1.5, 1.5]
		},
		"fixed": {
			"translation": [0, 2.5, 0]
		}
	},
	"groups": [
		{
			"name": "bone",
			"origin": [8, -13, 5],
			"color": 0,
			"children": [0, 1, 2, 3, 4, 5, 6]
		}
	]
}