{
   "textures": {
		"1": "block/stripped_bamboo_block",
		"particle": "block/stripped_bamboo_block"
    },
    "elements": [
        {   "from": [ 0, 0, 13 ],
            "to": [ 16, 16, 16 ],
			"faces": {
                "down":  {"texture": "#1", "cullface": "down" },
                "up":    {"texture": "#1", "cullface": "up" },
                "north": {"texture": "#1" },
                "south": {"texture": "#1", "cullface": "south" },
                "west":  {"texture": "#1", "cullface": "west" },
                "east":  {"texture": "#1", "cullface": "east" }
            }
        }
    ]
}
