{
	"credit": "Made with Blockbench",
	"texture_size": [32, 16],
	"textures": {
		"top": "block/pipe"
	},
	"elements": [
		{
			"from": [4.01, 11.01, 0.01],
			"to": [11.99, 18.99, 15.99],
			"rotation": {"angle": 0, "axis": "x", "origin": [8, 8, 8]},
			"faces": {
				"north": {"uv": [8.5, 1, 12.5, 9], "rotation": 180, "texture": "#top"},
				"east": {"uv": [0, 0, 8, 8], "rotation": 180, "texture": "#top"},
				"south": {"uv": [8.5, 1, 12.5, 9], "texture": "#top"},
				"west": {"uv": [0, 0, 8, 8], "texture": "#top"},
				"up": {"uv": [0, 0, 8, 8], "rotation": 90, "texture": "#top"},
				"down": {"uv": [0, 0, 8, 8], "rotation": 270, "texture": "#top"}
			}
		},
		{
			"from": [3, 10, 0],
			"to": [13, 20, 2],
			"rotation": {"angle": 0, "axis": "x", "origin": [8, 8, 8]},
			"faces": {
				"north": {"uv": [8, 0, 13, 10], "rotation": 180, "texture": "#top"},
				"east": {"uv": [0, 10, 5, 12], "rotation": 90, "texture": "#top"},
				"south": {"uv": [8, 0, 13, 10], "texture": "#top"},
				"west": {"uv": [0, 10, 5, 12], "rotation": 270, "texture": "#top"},
				"up": {"uv": [0, 10, 5, 12], "texture": "#top"},
				"down": {"uv": [0, 10, 5, 12], "rotation": 180, "texture": "#top"}
			}
		},
		{
			"from": [3, 10, 14],
			"to": [13, 20, 16],
			"rotation": {"angle": 0, "axis": "x", "origin": [8, 8, 8]},
			"faces": {
				"north": {"uv": [8, 0, 13, 10], "rotation": 180, "texture": "#top"},
				"east": {"uv": [0, 8, 5, 10], "rotation": 90, "texture": "#top"},
				"south": {"uv": [8, 0, 13, 10], "texture": "#top"},
				"west": {"uv": [0, 8, 5, 10], "rotation": 270, "texture": "#top"},
				"up": {"uv": [0, 8, 5, 10], "texture": "#top"},
				"down": {"uv": [0, 8, 5, 10], "rotation": 180, "texture": "#top"}
			}
		},
		{
			"from": [6.01, 3.01, 0.01],
			"to": [9.99, 6.99, 15.99],
			"rotation": {"angle": 0, "axis": "y", "origin": [8, 8, 8]},
			"faces": {
				"north": {"uv": [8.5, 11, 10.5, 15], "rotation": 180, "texture": "#top"},
				"east": {"uv": [0, 12, 8, 16], "rotation": 180, "texture": "#top"},
				"south": {"uv": [8.5, 11, 10.5, 15], "texture": "#top"},
				"west": {"uv": [0, 12, 8, 16], "texture": "#top"},
				"up": {"uv": [0, 12, 8, 16], "rotation": 90, "texture": "#top"},
				"down": {"uv": [0, 12, 8, 16], "rotation": 270, "texture": "#top"}
			}
		},
		{
			"from": [5, 2, 14],
			"to": [11, 8, 16],
			"rotation": {"angle": 0, "axis": "y", "origin": [8, 8, 8]},
			"faces": {
				"north": {"uv": [8, 10, 11, 16], "rotation": 180, "texture": "#top"},
				"east": {"uv": [11, 12, 14, 14], "rotation": 90, "texture": "#top"},
				"south": {"uv": [8, 10, 11, 16], "texture": "#top"},
				"west": {"uv": [11, 12, 14, 14], "rotation": 270, "texture": "#top"},
				"up": {"uv": [11, 12, 14, 14], "texture": "#top"},
				"down": {"uv": [11, 12, 14, 14], "rotation": 180, "texture": "#top"}
			}
		},
		{
			"from": [5, 2, 0],
			"to": [11, 8, 2],
			"rotation": {"angle": 0, "axis": "y", "origin": [8, 8, 8]},
			"faces": {
				"north": {"uv": [8, 10, 11, 16], "rotation": 180, "texture": "#top"},
				"east": {"uv": [11, 14, 14, 16], "rotation": 90, "texture": "#top"},
				"south": {"uv": [8, 10, 11, 16], "texture": "#top"},
				"west": {"uv": [11, 14, 14, 16], "rotation": 270, "texture": "#top"},
				"up": {"uv": [11, 14, 14, 16], "texture": "#top"},
				"down": {"uv": [11, 14, 14, 16], "rotation": 180, "texture": "#top"}
			}
		}
	]
}