{
	"credit": "Made with Blockbench",
	"texture_size": [32, 16],
	"textures": {
		"top": "block/pipe"
	},
	"elements": [
		{
			"from": [0.01, 11.01, 4.01],
			"to": [15.99, 18.99, 11.99],
			"rotation": {"angle": 0, "axis": "y", "origin": [8, 8, 8]},
			"faces": {
				"north": {"uv": [0, 0, 8, 8], "rotation": 180, "texture": "#top"},
				"east": {"uv": [8.5, 1, 12.5, 9], "texture": "#top"},
				"south": {"uv": [0, 0, 8, 8], "texture": "#top"},
				"west": {"uv": [8.5, 1, 12.5, 9], "rotation": 180, "texture": "#top"},
				"up": {"uv": [0, 0, 8, 8], "texture": "#top"},
				"down": {"uv": [0, 0, 8, 8], "texture": "#top"}
			}
		},
		{
			"from": [0, 10, 3],
			"to": [2, 20, 13],
			"rotation": {"angle": 0, "axis": "y", "origin": [8, 8, 8]},
			"faces": {
				"north": {"uv": [0, 10, 5, 12], "rotation": 90, "texture": "#top"},
				"east": {"uv": [8, 0, 13, 10], "texture": "#top"},
				"south": {"uv": [0, 10, 5, 12], "rotation": 270, "texture": "#top"},
				"west": {"uv": [8, 0, 13, 10], "rotation": 180, "texture": "#top"},
				"up": {"uv": [0, 10, 5, 12], "rotation": 270, "texture": "#top"},
				"down": {"uv": [0, 10, 5, 12], "rotation": 270, "texture": "#top"}
			}
		},
		{
			"from": [14, 10, 3],
			"to": [16, 20, 13],
			"rotation": {"angle": 0, "axis": "y", "origin": [8, 8, 8]},
			"faces": {
				"north": {"uv": [0, 8, 5, 10], "rotation": 90, "texture": "#top"},
				"east": {"uv": [8, 0, 13, 10], "texture": "#top"},
				"south": {"uv": [0, 8, 5, 10], "rotation": 270, "texture": "#top"},
				"west": {"uv": [8, 0, 13, 10], "rotation": 180, "texture": "#top"},
				"up": {"uv": [0, 8, 5, 10], "rotation": 270, "texture": "#top"},
				"down": {"uv": [0, 8, 5, 10], "rotation": 270, "texture": "#top"}
			}
		},
		{
			"from": [0.01, 3.01, 6.01],
			"to": [15.99, 6.99, 9.99],
			"rotation": {"angle": 0, "axis": "y", "origin": [8, 8, 8]},
			"faces": {
				"north": {"uv": [0, 12, 8, 16], "rotation": 180, "texture": "#top"},
				"east": {"uv": [8.5, 11, 10.5, 15], "texture": "#top"},
				"south": {"uv": [0, 12, 8, 16], "texture": "#top"},
				"west": {"uv": [8.5, 11, 10.5, 15], "rotation": 180, "texture": "#top"},
				"up": {"uv": [0, 12, 8, 16], "texture": "#top"},
				"down": {"uv": [0, 12, 8, 16], "texture": "#top"}
			}
		},
		{
			"from": [14, 2, 5],
			"to": [16, 8, 11],
			"rotation": {"angle": 0, "axis": "y", "origin": [8, 8, 8]},
			"faces": {
				"north": {"uv": [11, 12, 14, 14], "rotation": 90, "texture": "#top"},
				"east": {"uv": [8, 10, 11, 16], "texture": "#top"},
				"south": {"uv": [11, 12, 14, 14], "rotation": 270, "texture": "#top"},
				"west": {"uv": [8, 10, 11, 16], "rotation": 180, "texture": "#top"},
				"up": {"uv": [11, 12, 14, 14], "rotation": 270, "texture": "#top"},
				"down": {"uv": [11, 12, 14, 14], "rotation": 270, "texture": "#top"}
			}
		},
		{
			"from": [0, 2, 5],
			"to": [2, 8, 11],
			"rotation": {"angle": 0, "axis": "y", "origin": [8, 8, 8]},
			"faces": {
				"north": {"uv": [11, 14, 14, 16], "rotation": 90, "texture": "#top"},
				"east": {"uv": [8, 10, 11, 16], "texture": "#top"},
				"south": {"uv": [11, 14, 14, 16], "rotation": 270, "texture": "#top"},
				"west": {"uv": [8, 10, 11, 16], "rotation": 180, "texture": "#top"},
				"up": {"uv": [11, 14, 14, 16], "rotation": 270, "texture": "#top"},
				"down": {"uv": [11, 14, 14, 16], "rotation": 270, "texture": "#top"}
			}
		}
	]
}