{
	"credit": "Made with Blockbench",
	"ambientocclusion": false,
	"texture_size": [32, 16],
	"textures": {
		"0": "block/pipe",
		"particle": "block/pipe"
	},
	"elements": [
		{
			"from": [6.01, 0.01, 6.01],
			"to": [9.99, 15.99, 9.99],
			"faces": {
				"north": {"uv": [0, 12, 8, 16], "rotation": 90, "texture": "#0"},
				"east": {"uv": [0, 12, 8, 16], "rotation": 90, "texture": "#0"},
				"south": {"uv": [0, 12, 8, 16], "rotation": 90, "texture": "#0"},
				"west": {"uv": [0, 12, 8, 16], "rotation": 90, "texture": "#0"},
				"up": {"uv": [8.5, 1, 12.5, 9], "texture": "#0"},
				"down": {"uv": [8.5, 1, 12.5, 9], "texture": "#0"}
			}
		},
		{
			"from": [5, 14, 5],
			"to": [11, 16, 11],
			"faces": {
				"north": {"uv": [11, 14, 14, 16], "texture": "#0"},
				"east": {"uv": [11, 14, 14, 16], "texture": "#0"},
				"south": {"uv": [11, 14, 14, 16], "texture": "#0"},
				"west": {"uv": [11, 14, 14, 16], "texture": "#0"},
				"up": {"uv": [8, 10, 11, 16], "texture": "#0"},
				"down": {"uv": [8, 10, 11, 16], "texture": "#0"}
			}
		},
		{
			"from": [5, 0, 5],
			"to": [11, 2, 11],
			"faces": {
				"north": {"uv": [11, 12, 14, 14], "texture": "#0"},
				"east": {"uv": [11, 12, 14, 14], "texture": "#0"},
				"south": {"uv": [11, 12, 14, 14], "texture": "#0"},
				"west": {"uv": [11, 12, 14, 14], "texture": "#0"},
				"up": {"uv": [8, 10, 11, 16], "texture": "#0"},
				"down": {"uv": [8, 10, 11, 16], "texture": "#0"}
			}
		}
	],
	"display": {
		"thirdperson_righthand": {
			"rotation": [75, 45, 0],
			"translation": [0, 2.5, 0],
			"scale": [0.375, 0.375, 0.375]
		},
		"thirdperson_lefthand": {
			"rotation": [75, 45, 0],
			"translation": [0, 2.5, 0],
			"scale": [0.375, 0.375, 0.375]
		},
		"firstperson_righthand": {
			"rotation": [0, 45, 0],
			"scale": [0.4, 0.4, 0.4]
		},
		"firstperson_lefthand": {
			"rotation": [0, 225, 0],
			"scale": [0.4, 0.4, 0.4]
		},
		"ground": {
			"translation": [0, 3, 0],
			"scale": [0.25, 0.25, 0.25]
		},
		"gui": {
			"rotation": [30, 225, 0],
			"scale": [0.625, 0.625, 0.625]
		},
		"fixed": {
			"scale": [0.5, 0.5, 0.5]
		}
	}
}