{
	"credit": "Made with Blockbench",
	"ambientocclusion": false,
	"texture_size": [16, 32],
	"textures": {
		"0": "block/neon",
		"particle": "block/neon"
	},
	"elements": [
		{
			"from": [7, -4, 13.75],
			"to": [9, 20, 15.75],
			"rotation": {"angle": 0, "axis": "y", "origin": [8, 8, 8]},
			"faces": {
				"north": {"uv": [0, 0, 2, 12], "texture": "#0"},
				"east": {"uv": [0, 0, 2, 12], "texture": "#0"},
				"south": {"uv": [0, 0, 2, 12], "texture": "#0"},
				"west": {"uv": [0, 0, 2, 12], "texture": "#0"},
				"up": {"uv": [0, 0, 2, 1], "rotation": 180, "texture": "#0"},
				"down": {"uv": [0, 0, 2, 1], "rotation": 180, "texture": "#0"}
			}
		},
		{
			"from": [6.5, -4.5, 15.75],
			"to": [9.5, 0.5, 15.75],
			"rotation": {"angle": 0, "axis": "y", "origin": [8, 8, 8]},
			"faces": {
				"north": {"uv": [2, 2.5, 5, 0], "texture": "#0"},
				"east": {"uv": [2, 0, 2, 2.5], "texture": "#0"},
				"south": {"uv": [2, 2.5, 5, 0], "texture": "#0"},
				"west": {"uv": [2, 0, 2, 2.5], "texture": "#0"},
				"up": {"uv": [2, 0, 5, 0], "rotation": 180, "texture": "#0"},
				"down": {"uv": [2, 0, 5, 0], "rotation": 180, "texture": "#0"}
			}
		},
		{
			"from": [6.5, 15.5, 15.75],
			"to": [9.5, 20.5, 15.75],
			"rotation": {"angle": 0, "axis": "y", "origin": [8, 8, 8]},
			"faces": {
				"north": {"uv": [2, 0, 5, 2.5], "texture": "#0"},
				"east": {"uv": [2, 0, 2, 2.5], "texture": "#0"},
				"south": {"uv": [2, 0, 5, 2.5], "texture": "#0"},
				"west": {"uv": [2, 0, 2, 2.5], "texture": "#0"},
				"up": {"uv": [2, 0, 5, 0], "rotation": 180, "texture": "#0"},
				"down": {"uv": [2, 0, 5, 0], "rotation": 180, "texture": "#0"}
			}
		}
	],
	"display": {
		"thirdperson_righthand": {
			"rotation": [75, 45, 0],
			"translation": [0, 2.5, 0],
			"scale": [0.375, 0.375, 0.375]
		},
		"thirdperson_lefthand": {
			"rotation": [75, 45, 0],
			"translation": [0, 2.5, 0],
			"scale": [0.375, 0.375, 0.375]
		},
		"firstperson_righthand": {
			"rotation": [0, 45, 0],
			"scale": [0.4, 0.4, 0.4]
		},
		"firstperson_lefthand": {
			"rotation": [0, 225, 0],
			"scale": [0.4, 0.4, 0.4]
		},
		"ground": {
			"translation": [0, 3, 0],
			"scale": [0.25, 0.25, 0.25]
		},
		"gui": {
			"rotation": [30, 225, 0],
			"scale": [0.625, 0.625, 0.625]
		},
		"fixed": {
			"scale": [0.5, 0.5, 0.5]
		}
	}
}