{
	"credit": "Made with Blockbench",
	"ambientocclusion": false,
	"texture_size": [32, 16],
	"textures": {
		"0": "block/pipe",
		"particle": "block/pipe"
	},
	"elements": [
		{
			"from": [4.001, 0.001, 4.001],
			"to": [11.999, 15.999, 11.999],
			"faces": {
				"north": {"uv": [0, 0, 8, 8], "rotation": 90, "texture": "#0"},
				"east": {"uv": [0, 0, 8, 8], "rotation": 90, "texture": "#0"},
				"south": {"uv": [0, 0, 8, 8], "rotation": 90, "texture": "#0"},
				"west": {"uv": [0, 0, 8, 8], "rotation": 90, "texture": "#0"},
				"up": {"uv": [8.5, 1, 12.5, 9], "texture": "#0"},
				"down": {"uv": [8.5, 1, 12.5, 9], "texture": "#0"}
			}
		},
		{
			"from": [3, 14, 3],
			"to": [13, 16, 13],
			"faces": {
				"north": {"uv": [0, 10, 5, 12], "texture": "#0"},
				"east": {"uv": [0, 10, 5, 12], "texture": "#0"},
				"south": {"uv": [0, 10, 5, 12], "texture": "#0"},
				"west": {"uv": [0, 10, 5, 12], "texture": "#0"},
				"up": {"uv": [8, 0, 13, 10], "texture": "#0"},
				"down": {"uv": [8, 0, 13, 10], "texture": "#0"}
			}
		},
		{
			"from": [3, 0, 3],
			"to": [13, 2, 13],
			"faces": {
				"north": {"uv": [0, 8, 5, 10], "texture": "#0"},
				"east": {"uv": [0, 8, 5, 10], "texture": "#0"},
				"south": {"uv": [0, 8, 5, 10], "texture": "#0"},
				"west": {"uv": [0, 8, 5, 10], "texture": "#0"},
				"up": {"uv": [8, 0, 13, 10], "texture": "#0"},
				"down": {"uv": [8, 0, 13, 10], "texture": "#0"}
			}
		}
	],
	"display": {
		"thirdperson_righthand": {
			"rotation": [75, 45, 0],
			"translation": [0, 2.5, 0],
			"scale": [0.375, 0.375, 0.375]
		},
		"thirdperson_lefthand": {
			"rotation": [75, 45, 0],
			"translation": [0, 2.5, 0],
			"scale": [0.375, 0.375, 0.375]
		},
		"firstperson_righthand": {
			"rotation": [0, 45, 0],
			"scale": [0.4, 0.4, 0.4]
		},
		"firstperson_lefthand": {
			"rotation": [0, 225, 0],
			"scale": [0.4, 0.4, 0.4]
		},
		"ground": {
			"translation": [0, 3, 0],
			"scale": [0.25, 0.25, 0.25]
		},
		"gui": {
			"rotation": [30, 225, 0],
			"scale": [0.625, 0.625, 0.625]
		},
		"fixed": {
			"scale": [0.5, 0.5, 0.5]
		}
	}
}