{
	"credit": "Made with Blockbench",
	"parent": "minecraft:block/template_wall_post",
	"textures": {
		"1": "block/bamboo_mosaic",
		"wall": "block/packed_mud",
		"particle": "block/bamboo_mosaic"
	},
	"elements": [
		{
			"from": [5, 0, 5],
			"to": [11, 16, 11],
			"faces": {
				"north": {"uv": [5, 0, 11, 16], "texture": "#1"},
				"east": {"uv": [5, 0, 11, 16], "texture": "#1"},
				"south": {"uv": [5, 0, 11, 16], "texture": "#1"},
				"west": {"uv": [5, 0, 11, 16], "texture": "#1"},
				"up": {"uv": [5, 5, 11, 11], "texture": "#wall"},
				"down": {"uv": [5, 5, 11, 11], "texture": "#wall"}
			}
		}
	]
}