{
	"credit": "Made with Blockbench",
	"ambientocclusion": false,
	"textures": {
		"0": "block/ceilling_lamp",
		"particle": "block/ceilling_lamp"
	},
	"elements": [
		{
			"from": [6, 2, 6],
			"to": [10, 6, 10],
			"faces": {
				"north": {"uv": [5, 0, 9, 4], "texture": "#0"},
				"east": {"uv": [5, 0, 9, 4], "texture": "#0"},
				"south": {"uv": [5, 0, 9, 4], "texture": "#0"},
				"west": {"uv": [5, 0, 9, 4], "texture": "#0"},
				"up": {"uv": [5, 0, 9, 4], "texture": "#0"},
				"down": {"uv": [5, 0, 9, 4], "texture": "#0"}
			}
		},
		{
			"from": [8, 3.5, 5.5],
			"to": [8, 6.5, 10.5],
			"faces": {
				"north": {"uv": [0, 0, 0, 3], "texture": "#0"},
				"east": {"uv": [0, 0, 5, 3], "texture": "#0"},
				"south": {"uv": [0, 0, 0, 3], "texture": "#0"},
				"west": {"uv": [0, 0, 5, 3], "texture": "#0"},
				"up": {"uv": [0, 0, 0, 5], "texture": "#0"},
				"down": {"uv": [0, 0, 0, 5], "texture": "#0"}
			}
		},
		{
			"from": [5.5, 3.5, 8],
			"to": [10.5, 6.5, 8],
			"rotation": {"angle": 0, "axis": "y", "origin": [2, 3, 2]},
			"faces": {
				"north": {"uv": [0, 0, 5, 3], "texture": "#0"},
				"east": {"uv": [0, 0, 0, 3], "texture": "#0"},
				"south": {"uv": [0, 0, 5, 3], "texture": "#0"},
				"west": {"uv": [0, 0, 0, 3], "texture": "#0"},
				"up": {"uv": [0, 0, 0, 5], "rotation": 90, "texture": "#0"},
				"down": {"uv": [0, 0, 0, 5], "rotation": 270, "texture": "#0"}
			}
		},
		{
			"from": [1, 6, 10],
			"to": [15, 6, 15],
			"rotation": {"angle": 45, "axis": "x", "origin": [8, 6, 10]},
			"faces": {
				"north": {"uv": [0, 0, 0, 15], "rotation": 90, "texture": "#0"},
				"east": {"uv": [0, 0, 0, 5], "rotation": 90, "texture": "#0"},
				"south": {"uv": [0, 0, 0, 15], "rotation": 90, "texture": "#0"},
				"west": {"uv": [0, 0, 0, 5], "rotation": 270, "texture": "#0"},
				"up": {"uv": [0, 4, 14, 9], "texture": "#0"},
				"down": {"uv": [0, 4, 14, 9], "rotation": 180, "texture": "#0"}
			}
		},
		{
			"from": [10, 1, 1],
			"to": [10, 6, 15],
			"rotation": {"angle": 45, "axis": "z", "origin": [10, 6, 8]},
			"faces": {
				"north": {"uv": [0, 0, 0, 5], "texture": "#0"},
				"east": {"uv": [0, 4, 14, 9], "texture": "#0"},
				"south": {"uv": [0, 0, 0, 5], "texture": "#0"},
				"west": {"uv": [0, 4, 14, 9], "texture": "#0"},
				"up": {"uv": [0, 0, 0, 15], "rotation": 180, "texture": "#0"},
				"down": {"uv": [0, 0, 0, 15], "rotation": 180, "texture": "#0"}
			}
		},
		{
			"from": [1, 1, 6],
			"to": [15, 6, 6],
			"rotation": {"angle": 45, "axis": "x", "origin": [8, 6, 6]},
			"faces": {
				"north": {"uv": [0, 4, 14, 9], "texture": "#0"},
				"east": {"uv": [0, 0, 0, 5], "texture": "#0"},
				"south": {"uv": [0, 4, 14, 9], "texture": "#0"},
				"west": {"uv": [0, 0, 0, 5], "texture": "#0"},
				"up": {"uv": [0, 0, 0, 15], "rotation": 90, "texture": "#0"},
				"down": {"uv": [0, 0, 0, 15], "rotation": 270, "texture": "#0"}
			}
		},
		{
			"from": [6, 1, 1],
			"to": [6, 6, 15],
			"rotation": {"angle": -45, "axis": "z", "origin": [6, 6, 8]},
			"faces": {
				"north": {"uv": [0, 0, 0, 5], "texture": "#0"},
				"east": {"uv": [0, 4, 14, 9], "texture": "#0"},
				"south": {"uv": [0, 0, 0, 5], "texture": "#0"},
				"west": {"uv": [0, 4, 14, 9], "texture": "#0"},
				"up": {"uv": [0, 0, 0, 15], "texture": "#0"},
				"down": {"uv": [0, 0, 0, 15], "texture": "#0"}
			}
		},
		{
			"from": [7.5, 6, 8],
			"to": [8.5, 16, 8],
			"rotation": {"angle": 0, "axis": "y", "origin": [5, 0, 0]},
			"faces": {
				"north": {"uv": [14, 0, 15, 10], "texture": "#0"},
				"east": {"uv": [14, 0, 14, 10], "texture": "#0"},
				"south": {"uv": [14, 0, 15, 10], "texture": "#0"},
				"west": {"uv": [14, 0, 14, 10], "texture": "#0"},
				"up": {"uv": [14, 0, 15, 0], "texture": "#0"},
				"down": {"uv": [14, 0, 15, 0], "texture": "#0"}
			}
		},
		{
			"from": [8, 6, 7.5],
			"to": [8, 16, 8.5],
			"rotation": {"angle": 0, "axis": "y", "origin": [5.5, 11, 0]},
			"faces": {
				"north": {"uv": [14, 0, 14, 10], "texture": "#0"},
				"east": {"uv": [14, 0, 15, 10], "texture": "#0"},
				"south": {"uv": [14, 0, 14, 10], "texture": "#0"},
				"west": {"uv": [14, 0, 15, 10], "texture": "#0"},
				"up": {"uv": [14, 0, 15, 0], "rotation": 90, "texture": "#0"},
				"down": {"uv": [14, 0, 15, 0], "rotation": 270, "texture": "#0"}
			}
		},
		{
			"from": [6, 6.1, 6],
			"to": [10, 6.1, 10],
			"faces": {
				"north": {"uv": [0, 0, 1, 1], "texture": "#0"},
				"east": {"uv": [0, 0, 1, 1], "texture": "#0"},
				"south": {"uv": [0, 0, 1, 1], "texture": "#0"},
				"west": {"uv": [0, 0, 1, 1], "texture": "#0"},
				"up": {"uv": [0, 0, 1, 1], "texture": "#0"},
				"down": {"uv": [0, 0, 1, 1], "texture": "#0"}
			}
		}
	],
	"display": {
		"thirdperson_righthand": {
			"rotation": [75, 45, 0],
			"translation": [0, 2.5, 0],
			"scale": [0.375, 0.375, 0.375]
		},
		"thirdperson_lefthand": {
			"rotation": [75, 45, 0],
			"translation": [0, 2.5, 0],
			"scale": [0.375, 0.375, 0.375]
		},
		"firstperson_righthand": {
			"rotation": [0, 45, 0],
			"scale": [0.4, 0.4, 0.4]
		},
		"firstperson_lefthand": {
			"rotation": [0, 225, 0],
			"scale": [0.4, 0.4, 0.4]
		},
		"ground": {
			"translation": [0, 3, 0],
			"scale": [0.25, 0.25, 0.25]
		},
		"gui": {
			"rotation": [30, 225, 0],
			"scale": [0.625, 0.625, 0.625]
		},
		"fixed": {
			"scale": [0.5, 0.5, 0.5]
		}
	}
}