{
	"credit": "Made with Blockbench",
	"ambientocclusion": false,
	"texture_size": [16, 32],
	"textures": {
		"0": "block/neon",
		"particle": "block/neon"
	},
	"elements": [
		{
			"from": [0.25, -8.5, 7],
			"to": [2.25, 15.5, 9],
			"rotation": {"angle": 0, "axis": "y", "origin": [8, 8, 8]},
			"faces": {
				"north": {"uv": [2, 0, 0, 12], "texture": "#0"},
				"east": {"uv": [0, 0, 2, 12], "rotation": 180, "texture": "#0"},
				"south": {"uv": [0, 0, 2, 12], "rotation": 180, "texture": "#0"},
				"west": {"uv": [2, 0, 0, 12], "texture": "#0"},
				"up": {"uv": [0, 0, 2, 1], "rotation": 90, "texture": "#0"},
				"down": {"uv": [0, 0, 2, 1], "rotation": 90, "texture": "#0"}
			}
		},
		{
			"from": [0.25, 11, 6.5],
			"to": [0.25, 16, 9.5],
			"rotation": {"angle": 0, "axis": "y", "origin": [8, 8, 8]},
			"faces": {
				"north": {"uv": [2, 0, 7, 0], "rotation": 270, "texture": "#0"},
				"east": {"uv": [2, 2.5, 5, 0], "rotation": 180, "texture": "#0"},
				"south": {"uv": [2, 0, 7, 0], "rotation": 90, "texture": "#0"},
				"west": {"uv": [2, 0, 5, 2.5], "texture": "#0"},
				"up": {"uv": [2, 0, 5, 0], "rotation": 90, "texture": "#0"},
				"down": {"uv": [2, 0, 5, 0], "rotation": 90, "texture": "#0"}
			}
		},
		{
			"from": [0.25, 25, 7.5],
			"to": [0.25, 32, 8.5],
			"rotation": {"angle": 0, "axis": "y", "origin": [8, 8, 8]},
			"faces": {
				"north": {"uv": [5, 0, 12, 0], "rotation": 270, "texture": "#0"},
				"east": {"uv": [5, 3.5, 6, 0], "rotation": 180, "texture": "#0"},
				"south": {"uv": [5, 0, 12, 0], "rotation": 90, "texture": "#0"},
				"west": {"uv": [5, 0, 6, 3.5], "texture": "#0"},
				"up": {"uv": [5, 0, 6, 0], "rotation": 90, "texture": "#0"},
				"down": {"uv": [5, 0, 6, 0], "rotation": 90, "texture": "#0"}
			}
		},
		{
			"from": [0.25, 16, 7.5],
			"to": [0.25, 25, 8.5],
			"rotation": {"angle": 0, "axis": "y", "origin": [8, 8, 8]},
			"faces": {
				"north": {"uv": [5, 0.5, 14, 0.5], "rotation": 270, "texture": "#0"},
				"east": {"uv": [5, 5, 6, 0.5], "rotation": 180, "texture": "#0"},
				"south": {"uv": [5, 0.5, 14, 0.5], "rotation": 90, "texture": "#0"},
				"west": {"uv": [5, 0.5, 6, 5], "texture": "#0"},
				"up": {"uv": [5, 0.5, 6, 0.5], "rotation": 90, "texture": "#0"},
				"down": {"uv": [5, 0.5, 6, 0.5], "rotation": 90, "texture": "#0"}
			}
		}
	],
	"display": {
		"thirdperson_righthand": {
			"rotation": [75, 45, 0],
			"translation": [0, 2.5, 0],
			"scale": [0.375, 0.375, 0.375]
		},
		"thirdperson_lefthand": {
			"rotation": [75, 45, 0],
			"translation": [0, 2.5, 0],
			"scale": [0.375, 0.375, 0.375]
		},
		"firstperson_righthand": {
			"rotation": [0, 45, 0],
			"scale": [0.4, 0.4, 0.4]
		},
		"firstperson_lefthand": {
			"rotation": [0, 225, 0],
			"scale": [0.4, 0.4, 0.4]
		},
		"ground": {
			"translation": [0, 3, 0],
			"scale": [0.25, 0.25, 0.25]
		},
		"gui": {
			"rotation": [30, 225, 0],
			"scale": [0.625, 0.625, 0.625]
		},
		"fixed": {
			"scale": [0.5, 0.5, 0.5]
		}
	}
}