{
	"credit": "Made with Blockbench",
	"ambientocclusion": false,
	"textures": {
		"0": "block/outlit_easter_egg",
		"particle": "block/outlit_easter_egg"
	},
	"elements": [
		{
			"from": [5.5, 2, 0.5],
			"to": [10.5, 12, 0.5],
			"rotation": {"angle": 0, "axis": "x", "origin": [8, 8, 8]},
			"faces": {
				"north": {"uv": [7, 0, 12, 10], "texture": "#0"},
				"east": {"uv": [7, 0, 7, 10], "texture": "#0"},
				"south": {"uv": [7, 0, 12, 10], "texture": "#0"},
				"west": {"uv": [7, 0, 7, 10], "texture": "#0"},
				"up": {"uv": [7, 0, 12, 0], "rotation": 180, "texture": "#0"},
				"down": {"uv": [7, 0, 12, 0], "rotation": 180, "texture": "#0"}
			}
		},
		{
			"from": [4.5, 1, 0.3],
			"to": [11.5, 13, 0.3],
			"rotation": {"angle": 0, "axis": "x", "origin": [8, 8, 8]},
			"faces": {
				"north": {"uv": [0, 0, 7, 12], "texture": "#0"},
				"east": {"uv": [0, 0, 0, 12], "texture": "#0"},
				"south": {"uv": [0, 0, 7, 12], "texture": "#0"},
				"west": {"uv": [0, 0, 0, 12], "texture": "#0"},
				"up": {"uv": [0, 0, 7, 0], "rotation": 180, "texture": "#0"},
				"down": {"uv": [0, 0, 7, 0], "rotation": 180, "texture": "#0"}
			}
		}
	],
	"display": {
		"thirdperson_righthand": {
			"rotation": [75, 45, 0],
			"translation": [0, 2.5, 0],
			"scale": [0.375, 0.375, 0.375]
		},
		"thirdperson_lefthand": {
			"rotation": [75, 45, 0],
			"translation": [0, 2.5, 0],
			"scale": [0.375, 0.375, 0.375]
		},
		"firstperson_righthand": {
			"rotation": [0, 45, 0],
			"scale": [0.4, 0.4, 0.4]
		},
		"firstperson_lefthand": {
			"rotation": [0, 225, 0],
			"scale": [0.4, 0.4, 0.4]
		},
		"ground": {
			"translation": [0, 3, 0],
			"scale": [0.25, 0.25, 0.25]
		},
		"gui": {
			"rotation": [30, 225, 0],
			"scale": [0.625, 0.625, 0.625]
		},
		"head": {
			"rotation": [0, 180, 0],
			"translation": [0, 13, 7]
		},
		"fixed": {
			"scale": [0.5, 0.5, 0.5]
		}
	}
}