{
	"credit": "Made with Blockbench",
	"textures": {
		"particle": "#wall"
	},
	"elements": [
		{
			"name": "Center post",
			"from": [5, 0, 5],
			"to": [11, 16, 11],
			"faces": {
				"north": {"uv": [5, 0, 11, 16], "texture": "#wall"},
				"east": {"uv": [5, 0, 11, 16], "texture": "#wall"},
				"south": {"uv": [5, 0, 11, 16], "texture": "#wall"},
				"west": {"uv": [5, 0, 11, 16], "texture": "#wall"},
				"up": {"uv": [5, 5, 11, 11], "texture": "#wall", "cullface": "up"},
				"down": {"uv": [5, 5, 11, 11], "texture": "#wall", "cullface": "down"}
			}
		}
	]
}