{
	"credit": "Made with Blockbench",
	"textures": {
		"particle": "#wall"
	},
	"elements": [
		{
			"name": "wall",
			"from": [5, 0, 0],
			"to": [11, 16, 8],
			"faces": {
				"north": {"uv": [5, 0, 11, 16], "texture": "#wall", "cullface": "north"},
				"east": {"uv": [8, 0, 16, 16], "texture": "#wall"},
				"west": {"uv": [0, 0, 8, 16], "texture": "#wall"},
				"up": {"uv": [5, 0, 11, 8], "texture": "#wall"},
				"down": {"uv": [5, 8, 11, 16], "texture": "#wall", "cullface": "down"}
			}
		}
	],
	"display": {
		"thirdperson_righthand": {
			"rotation": [75, 45, 0],
			"translation": [0, 2.5, 0],
			"scale": [0.375, 0.375, 0.375]
		},
		"thirdperson_lefthand": {
			"rotation": [75, 45, 0],
			"translation": [0, 2.5, 0],
			"scale": [0.375, 0.375, 0.375]
		},
		"firstperson_righthand": {
			"rotation": [0, 45, 0],
			"scale": [0.4, 0.4, 0.4]
		},
		"firstperson_lefthand": {
			"rotation": [0, 225, 0],
			"scale": [0.4, 0.4, 0.4]
		},
		"ground": {
			"translation": [0, 3, 0],
			"scale": [0.25, 0.25, 0.25]
		},
		"gui": {
			"rotation": [30, 225, 0],
			"scale": [0.625, 0.625, 0.625]
		},
		"fixed": {
			"scale": [0.5, 0.5, 0.5]
		}
	}
}