{
	"credit": "Made with Blockbench",
	"textures": {
		"1": "creepernation:decorations/christmas/tree/spruce_log",
		"2": "creepernation:decorations/christmas/tree/branches",
		"3": "creepernation:decorations/christmas/lights/lights",
		"4": "creepernation:decorations/christmas/tree/carpet",
		"5": "creepernation:decorations/christmas/tree/ordiments",
		"6": "creepernation:decorations/christmas/tree/star",
		"particle": "creepernation:decorations/christmas/tree/spruce_log"
	},
	"elements": [
		{
			"from": [7, -12.9, 7],
			"to": [10, 3.1, 10],
			"rotation": {"angle": 0, "axis": "y", "origin": [8, 0, 8]},
			"faces": {
				"north": {"uv": [0, 0, 3, 16], "texture": "#1"},
				"east": {"uv": [13, 0, 16, 16], "texture": "#1"},
				"south": {"uv": [9, 0, 12, 16], "texture": "#1"},
				"west": {"uv": [4, 0, 7, 16], "texture": "#1"},
				"up": {"uv": [0, 0, 3, 3], "texture": "#1"},
				"down": {"uv": [0, 0, 3, 3], "texture": "#1"}
			}
		},
		{
			"from": [7, 3.1, 7],
			"to": [10, 12.1, 10],
			"rotation": {"angle": 0, "axis": "y", "origin": [8, 0, 8]},
			"faces": {
				"north": {"uv": [0, 0, 3, 9], "texture": "#1"},
				"east": {"uv": [13, 0, 15, 9], "texture": "#1"},
				"south": {"uv": [9, 0, 12, 9], "texture": "#1"},
				"west": {"uv": [4, 0, 7, 9], "texture": "#1"},
				"up": {"uv": [0, 0, 3, 3], "texture": "#1"},
				"down": {"uv": [0, 0, 3, 3], "texture": "#1"}
			}
		},
		{
			"from": [-3, -14, 0],
			"to": [20, 5, 0],
			"rotation": {"angle": 45, "axis": "x", "origin": [8.5, -6.5, 5]},
			"faces": {
				"north": {"uv": [0, 9.96078, 15.82609, 15.84314], "texture": "#2"},
				"east": {"uv": [0, 0, 0, 5.96078], "texture": "#2"},
				"south": {"uv": [0, 9.96078, 16, 16], "texture": "#2"},
				"west": {"uv": [0, 0, 0, 5.96078], "texture": "#2"},
				"up": {"uv": [0, 0, 16, 0], "texture": "#2"},
				"down": {"uv": [0, 0, 16, 0], "texture": "#2"}
			}
		},
		{
			"from": [-3, -14, 16],
			"to": [20, 5, 16],
			"rotation": {"angle": -45, "axis": "x", "origin": [8.5, -6.5, 11]},
			"faces": {
				"north": {"uv": [16, 9.96078, 0, 16], "texture": "#2"},
				"east": {"uv": [0, 0, 0, 5.96078], "texture": "#2"},
				"south": {"uv": [16, 9.96078, 0, 16], "texture": "#2"},
				"west": {"uv": [0, 0, 0, 5.96078], "texture": "#2"},
				"up": {"uv": [0, 0, 16, 0], "texture": "#2"},
				"down": {"uv": [0, 0, 16, 0], "texture": "#2"}
			}
		},
		{
			"from": [16, -14, -3],
			"to": [16, 5, 20],
			"rotation": {"angle": 45, "axis": "z", "origin": [11, -6.5, 8.5]},
			"faces": {
				"north": {"uv": [0, 0, 0, 5.96078], "texture": "#2"},
				"east": {"uv": [0, 9.96078, 16, 16], "texture": "#2"},
				"south": {"uv": [0, 0, 0, 5.96078], "texture": "#2"},
				"west": {"uv": [0, 9.96078, 16, 16], "texture": "#2"},
				"up": {"uv": [0, 0, 16, 0], "rotation": 90, "texture": "#2"},
				"down": {"uv": [0, 0, 16, 0], "rotation": 270, "texture": "#2"}
			}
		},
		{
			"from": [0, -14, -3],
			"to": [0, 5, 20],
			"rotation": {"angle": -45, "axis": "z", "origin": [5, -6.5, 8.5]},
			"faces": {
				"north": {"uv": [0, 0, 0, 5.96078], "texture": "#2"},
				"east": {"uv": [16, 9.96078, 0, 16], "texture": "#2"},
				"south": {"uv": [0, 0, 0, 5.96078], "texture": "#2"},
				"west": {"uv": [16, 9.96078, 0, 16], "texture": "#2"},
				"up": {"uv": [0, 0, 16, 0], "rotation": 90, "texture": "#2"},
				"down": {"uv": [0, 0, 16, 0], "rotation": 270, "texture": "#2"}
			}
		},
		{
			"from": [4, 0, -1],
			"to": [4, 15, 17],
			"rotation": {"angle": -22.5, "axis": "z", "origin": [6, 5.5, 8]},
			"faces": {
				"east": {"uv": [13.98261, 4.6902, 2.08696, 9.41176], "texture": "#2"},
				"west": {"uv": [13.91304, 4.70588, 2.08696, 9.41176], "texture": "#2"}
			}
		},
		{
			"from": [-1, 0, 4],
			"to": [17, 15, 4],
			"rotation": {"angle": 22.5, "axis": "x", "origin": [8, 5.5, 6]},
			"faces": {
				"north": {"uv": [2.08696, 4.70588, 13.91304, 9.4902], "texture": "#2"},
				"south": {"uv": [2.08696, 4.70588, 13.91304, 9.4902], "texture": "#2"}
			}
		},
		{
			"from": [12, 0, -1],
			"to": [12, 15, 17],
			"rotation": {"angle": 22.5, "axis": "z", "origin": [10, 5.5, 8]},
			"faces": {
				"east": {"uv": [2.08696, 4.70588, 13.91304, 9.41176], "texture": "#2"},
				"west": {"uv": [2.08696, 4.70588, 13.91304, 9.41176], "texture": "#2"}
			}
		},
		{
			"from": [-1, 0, 12],
			"to": [17, 15, 12],
			"rotation": {"angle": -22.5, "axis": "x", "origin": [8, 5.5, 10]},
			"faces": {
				"north": {"uv": [13.91304, 4.70588, 2.08696, 9.41176], "texture": "#2"},
				"south": {"uv": [13.91304, 4.70588, 2.08696, 9.41176], "texture": "#2"}
			}
		},
		{
			"from": [6, 10, 2],
			"to": [6, 24, 14],
			"rotation": {"angle": -22.5, "axis": "z", "origin": [6, 17, 8]},
			"faces": {
				"east": {"uv": [12.52174, 0, 3.47826, 4.39216], "texture": "#2"},
				"west": {"uv": [12.52174, 0, 3.47826, 4.39216], "texture": "#2"}
			}
		},
		{
			"from": [2, 10, 10],
			"to": [14, 24, 10],
			"rotation": {"angle": -22.5, "axis": "x", "origin": [8, 17, 10]},
			"faces": {
				"north": {"uv": [12.52174, 0, 3.47826, 4.39216], "texture": "#2"},
				"south": {"uv": [12.52174, 0, 3.47826, 4.39216], "texture": "#2"}
			}
		},
		{
			"from": [2, 10, 6],
			"to": [14, 24, 6],
			"rotation": {"angle": 22.5, "axis": "x", "origin": [8, 17, 6]},
			"faces": {
				"north": {"uv": [3.47826, 0, 12.52174, 4.39216], "texture": "#2"},
				"south": {"uv": [3.47826, 0, 12.52174, 4.39216], "texture": "#2"}
			}
		},
		{
			"from": [10, 10, 2],
			"to": [10, 24, 14],
			"rotation": {"angle": 22.5, "axis": "z", "origin": [10, 17, 8]},
			"faces": {
				"east": {"uv": [3.47826, 0, 12.52174, 4.39216], "texture": "#2"},
				"west": {"uv": [3.47826, 0, 12.52174, 4.39216], "texture": "#2"}
			}
		},
		{
			"from": [12.901, -5.625, 5],
			"to": [12.901, -1.625, 8],
			"rotation": {"angle": 45, "axis": "z", "origin": [16, 0, 0]},
			"faces": {
				"north": {"uv": [0, 0, 0, 4], "texture": "#3"},
				"east": {"uv": [9, 8, 12, 12], "texture": "#3"},
				"south": {"uv": [0, 0, 0, 4], "texture": "#3"},
				"west": {"uv": [9, 8, 12, 12], "texture": "#3"},
				"up": {"uv": [0, 0, 3, 0], "rotation": 90, "texture": "#3"},
				"down": {"uv": [0, 0, 3, 0], "rotation": 270, "texture": "#3"}
			}
		},
		{
			"from": [12.901, -5.675, 9.95],
			"to": [12.901, -1.675, 12.95],
			"rotation": {"angle": 45, "axis": "z", "origin": [16, 0, 0]},
			"faces": {
				"north": {"uv": [0, 0, 0, 4], "texture": "#3"},
				"east": {"uv": [4, 8, 7, 12], "texture": "#3"},
				"south": {"uv": [0, 0, 0, 4], "texture": "#3"},
				"west": {"uv": [4, 8, 7, 12], "texture": "#3"},
				"up": {"uv": [0, 0, 3, 0], "rotation": 90, "texture": "#3"},
				"down": {"uv": [0, 0, 3, 0], "rotation": 270, "texture": "#3"}
			}
		},
		{
			"from": [12.901, -3.675, 14],
			"to": [12.901, 0.325, 17],
			"rotation": {"angle": 45, "axis": "z", "origin": [16, 0, 0]},
			"faces": {
				"north": {"uv": [0, 0, 0, 4], "texture": "#3"},
				"east": {"uv": [0, 6, 3, 10], "texture": "#3"},
				"south": {"uv": [0, 0, 0, 4], "texture": "#3"},
				"west": {"uv": [0, 6, 3, 10], "texture": "#3"},
				"up": {"uv": [0, 0, 3, 0], "rotation": 90, "texture": "#3"},
				"down": {"uv": [0, 0, 3, 0], "rotation": 270, "texture": "#3"}
			}
		},
		{
			"from": [12.901, -3.75, 1.1],
			"to": [12.901, 0.25, 4.1],
			"rotation": {"angle": 45, "axis": "z", "origin": [16, 0, 0]},
			"faces": {
				"north": {"uv": [0, 0, 0, 4], "texture": "#3"},
				"east": {"uv": [13, 6, 16, 10], "texture": "#3"},
				"south": {"uv": [0, 0, 0, 4], "texture": "#3"},
				"west": {"uv": [13, 6, 16, 10], "texture": "#3"},
				"up": {"uv": [0, 0, 3, 0], "rotation": 90, "texture": "#3"},
				"down": {"uv": [0, 0, 3, 0], "rotation": 270, "texture": "#3"}
			}
		},
		{
			"from": [14.565, 5.775, 0.2],
			"to": [14.565, 9.775, 3.2],
			"rotation": {"angle": 22.5, "axis": "z", "origin": [16, 0, 0]},
			"faces": {
				"north": {"uv": [0, 0, 0, 4], "texture": "#3"},
				"east": {"uv": [13, 6, 16, 10], "texture": "#3"},
				"south": {"uv": [0, 0, 0, 4], "texture": "#3"},
				"west": {"uv": [13, 6, 16, 10], "texture": "#3"},
				"up": {"uv": [0, 0, 3, 0], "rotation": 90, "texture": "#3"},
				"down": {"uv": [0, 0, 3, 0], "rotation": 270, "texture": "#3"}
			}
		},
		{
			"from": [14.565, 3.925, 4.45],
			"to": [14.565, 7.925, 7.45],
			"rotation": {"angle": 22.5, "axis": "z", "origin": [16, 0, 0]},
			"faces": {
				"north": {"uv": [0, 0, 0, 4], "texture": "#3"},
				"east": {"uv": [9, 8, 12, 12], "texture": "#3"},
				"south": {"uv": [0, 0, 0, 4], "texture": "#3"},
				"west": {"uv": [9, 8, 12, 12], "texture": "#3"},
				"up": {"uv": [0, 0, 3, 0], "rotation": 90, "texture": "#3"},
				"down": {"uv": [0, 0, 3, 0], "rotation": 270, "texture": "#3"}
			}
		},
		{
			"from": [14.565, 3.875, 9.6],
			"to": [14.565, 7.875, 12.6],
			"rotation": {"angle": 22.5, "axis": "z", "origin": [16, 0, 0]},
			"faces": {
				"north": {"uv": [0, 0, 0, 4], "texture": "#3"},
				"east": {"uv": [4, 8, 7, 12], "texture": "#3"},
				"south": {"uv": [0, 0, 0, 4], "texture": "#3"},
				"west": {"uv": [4, 8, 7, 12], "texture": "#3"},
				"up": {"uv": [0, 0, 3, 0], "rotation": 90, "texture": "#3"},
				"down": {"uv": [0, 0, 3, 0], "rotation": 270, "texture": "#3"}
			}
		},
		{
			"from": [14.565, 5.825, 13.8],
			"to": [14.565, 9.825, 16.8],
			"rotation": {"angle": 22.5, "axis": "z", "origin": [16, 0, 0]},
			"faces": {
				"north": {"uv": [0, 0, 0, 4], "texture": "#3"},
				"east": {"uv": [0, 6, 3, 10], "texture": "#3"},
				"south": {"uv": [0, 0, 0, 4], "texture": "#3"},
				"west": {"uv": [0, 6, 3, 10], "texture": "#3"},
				"up": {"uv": [0, 0, 3, 0], "rotation": 90, "texture": "#3"},
				"down": {"uv": [0, 0, 3, 0], "rotation": 270, "texture": "#3"}
			}
		},
		{
			"from": [16.965, 12.875, 8.35],
			"to": [16.965, 16.875, 11.35],
			"rotation": {"angle": 22.5, "axis": "z", "origin": [16, 0, 0]},
			"faces": {
				"north": {"uv": [0, 0, 0, 4], "texture": "#3"},
				"east": {"uv": [4, 8, 7, 12], "texture": "#3"},
				"south": {"uv": [0, 0, 0, 4], "texture": "#3"},
				"west": {"uv": [4, 8, 7, 12], "texture": "#3"},
				"up": {"uv": [0, 0, 3, 0], "rotation": 90, "texture": "#3"},
				"down": {"uv": [0, 0, 3, 0], "rotation": 270, "texture": "#3"}
			}
		},
		{
			"from": [16.965, 12.925, 3.7],
			"to": [16.965, 16.925, 6.7],
			"rotation": {"angle": 22.5, "axis": "z", "origin": [16, 0, 0]},
			"faces": {
				"north": {"uv": [0, 0, 0, 4], "texture": "#3"},
				"east": {"uv": [9, 8, 12, 12], "texture": "#3"},
				"south": {"uv": [0, 0, 0, 4], "texture": "#3"},
				"west": {"uv": [9, 8, 12, 12], "texture": "#3"},
				"up": {"uv": [0, 0, 3, 0], "rotation": 90, "texture": "#3"},
				"down": {"uv": [0, 0, 3, 0], "rotation": 270, "texture": "#3"}
			}
		},
		{
			"from": [3.099, -5.625, 5],
			"to": [3.099, -1.625, 8],
			"rotation": {"angle": -45, "axis": "z", "origin": [0, 0, 0]},
			"faces": {
				"north": {"uv": [0, 0, 0, 4], "texture": "#3"},
				"east": {"uv": [7, 8, 4, 12], "texture": "#3"},
				"south": {"uv": [0, 0, 0, 4], "texture": "#3"},
				"west": {"uv": [7, 8, 4, 12], "texture": "#3"},
				"up": {"uv": [0, 0, 3, 0], "rotation": 90, "texture": "#3"},
				"down": {"uv": [0, 0, 3, 0], "rotation": 270, "texture": "#3"}
			}
		},
		{
			"from": [3.099, -5.675, 9.95],
			"to": [3.099, -1.675, 12.95],
			"rotation": {"angle": -45, "axis": "z", "origin": [0, 0, 0]},
			"faces": {
				"north": {"uv": [0, 0, 0, 4], "texture": "#3"},
				"east": {"uv": [12, 8, 9, 12], "texture": "#3"},
				"south": {"uv": [0, 0, 0, 4], "texture": "#3"},
				"west": {"uv": [12, 8, 9, 12], "texture": "#3"},
				"up": {"uv": [0, 0, 3, 0], "rotation": 90, "texture": "#3"},
				"down": {"uv": [0, 0, 3, 0], "rotation": 270, "texture": "#3"}
			}
		},
		{
			"from": [3.099, -3.675, 14],
			"to": [3.099, 0.325, 17],
			"rotation": {"angle": -45, "axis": "z", "origin": [0, 0, 0]},
			"faces": {
				"north": {"uv": [0, 0, 0, 4], "texture": "#3"},
				"east": {"uv": [16, 6, 13, 10], "texture": "#3"},
				"south": {"uv": [0, 0, 0, 4], "texture": "#3"},
				"west": {"uv": [16, 6, 13, 10], "texture": "#3"},
				"up": {"uv": [0, 0, 3, 0], "rotation": 90, "texture": "#3"},
				"down": {"uv": [0, 0, 3, 0], "rotation": 270, "texture": "#3"}
			}
		},
		{
			"from": [3.099, -3.75, 1.1],
			"to": [3.099, 0.25, 4.1],
			"rotation": {"angle": -45, "axis": "z", "origin": [0, 0, 0]},
			"faces": {
				"north": {"uv": [0, 0, 0, 4], "texture": "#3"},
				"east": {"uv": [3, 6, 0, 10], "texture": "#3"},
				"south": {"uv": [0, 0, 0, 4], "texture": "#3"},
				"west": {"uv": [3, 6, 0, 10], "texture": "#3"},
				"up": {"uv": [0, 0, 3, 0], "rotation": 90, "texture": "#3"},
				"down": {"uv": [0, 0, 3, 0], "rotation": 270, "texture": "#3"}
			}
		},
		{
			"from": [1.31, 5.775, 0.2],
			"to": [1.31, 9.775, 3.2],
			"rotation": {"angle": -22.5, "axis": "z", "origin": [0, 0, 0]},
			"faces": {
				"north": {"uv": [0, 0, 0, 4], "texture": "#3"},
				"east": {"uv": [3, 6, 0, 10], "texture": "#3"},
				"south": {"uv": [0, 0, 0, 4], "texture": "#3"},
				"west": {"uv": [3, 6, 0, 10], "texture": "#3"},
				"up": {"uv": [0, 0, 3, 0], "rotation": 90, "texture": "#3"},
				"down": {"uv": [0, 0, 3, 0], "rotation": 270, "texture": "#3"}
			}
		},
		{
			"from": [1.435, 3.925, 4.45],
			"to": [1.435, 7.925, 7.45],
			"rotation": {"angle": -22.5, "axis": "z", "origin": [0, 0, 0]},
			"faces": {
				"north": {"uv": [0, 0, 0, 4], "texture": "#3"},
				"east": {"uv": [7, 8, 4, 12], "texture": "#3"},
				"south": {"uv": [0, 0, 0, 4], "texture": "#3"},
				"west": {"uv": [7, 8, 4, 12], "texture": "#3"},
				"up": {"uv": [0, 0, 3, 0], "rotation": 90, "texture": "#3"},
				"down": {"uv": [0, 0, 3, 0], "rotation": 270, "texture": "#3"}
			}
		},
		{
			"from": [1.435, 3.875, 9.6],
			"to": [1.435, 7.875, 12.6],
			"rotation": {"angle": -22.5, "axis": "z", "origin": [0, 0, 0]},
			"faces": {
				"north": {"uv": [0, 0, 0, 4], "texture": "#3"},
				"east": {"uv": [12, 8, 9, 12], "texture": "#3"},
				"south": {"uv": [0, 0, 0, 4], "texture": "#3"},
				"west": {"uv": [12, 8, 9, 12], "texture": "#3"},
				"up": {"uv": [0, 0, 3, 0], "rotation": 90, "texture": "#3"},
				"down": {"uv": [0, 0, 3, 0], "rotation": 270, "texture": "#3"}
			}
		},
		{
			"from": [1.435, 5.825, 13.8],
			"to": [1.435, 9.825, 16.8],
			"rotation": {"angle": -22.5, "axis": "z", "origin": [0, 0, 0]},
			"faces": {
				"north": {"uv": [0, 0, 0, 4], "texture": "#3"},
				"east": {"uv": [16, 6, 13, 10], "texture": "#3"},
				"south": {"uv": [0, 0, 0, 4], "texture": "#3"},
				"west": {"uv": [16, 6, 13, 10], "texture": "#3"},
				"up": {"uv": [0, 0, 3, 0], "rotation": 90, "texture": "#3"},
				"down": {"uv": [0, 0, 3, 0], "rotation": 270, "texture": "#3"}
			}
		},
		{
			"from": [-0.965, 11.875, 8.35],
			"to": [-0.965, 15.875, 11.35],
			"rotation": {"angle": -22.5, "axis": "z", "origin": [0, 0, 0]},
			"faces": {
				"north": {"uv": [0, 0, 0, 4], "texture": "#3"},
				"east": {"uv": [12, 8, 9, 12], "texture": "#3"},
				"south": {"uv": [0, 0, 0, 4], "texture": "#3"},
				"west": {"uv": [12, 8, 9, 12], "texture": "#3"},
				"up": {"uv": [0, 0, 3, 0], "rotation": 90, "texture": "#3"},
				"down": {"uv": [0, 0, 3, 0], "rotation": 270, "texture": "#3"}
			}
		},
		{
			"from": [-0.965, 12.925, 3.7],
			"to": [-0.965, 16.925, 6.7],
			"rotation": {"angle": -22.5, "axis": "z", "origin": [0, 0, 0]},
			"faces": {
				"north": {"uv": [4.03696, 8, 6.99891, 11.9799], "texture": "#3"},
				"east": {"uv": [7, 8, 4, 12], "texture": "#3"},
				"south": {"uv": [4.04348, 8.01471, 7.00543, 12.01961], "texture": "#3"},
				"west": {"uv": [7, 8, 4, 12], "texture": "#3"},
				"up": {"uv": [0, 0, 3, 0], "rotation": 90, "texture": "#3"},
				"down": {"uv": [0, 0, 3, 0], "rotation": 270, "texture": "#3"}
			}
		},
		{
			"from": [4.8, -6.05, 12.901],
			"to": [7.8, -2.05, 12.901],
			"rotation": {"angle": -45, "axis": "x", "origin": [0, 0, 16]},
			"faces": {
				"north": {"uv": [4.03696, 8, 6.99891, 11.9799], "texture": "#3"},
				"east": {"uv": [0, 0, 0, 0.5], "texture": "#missing"},
				"south": {"uv": [4.04348, 8.01471, 7.00543, 12.01961], "texture": "#3"},
				"west": {"uv": [0, 0, 0, 0.5], "texture": "#missing"},
				"up": {"uv": [0, 0, 0.375, 0], "texture": "#missing"},
				"down": {"uv": [0, 0, 0.375, 0], "texture": "#missing"}
			}
		},
		{
			"from": [9.775, -6.025, 12.901],
			"to": [12.775, -2.025, 12.901],
			"rotation": {"angle": -45, "axis": "x", "origin": [0, 0, 16]},
			"faces": {
				"north": {"uv": [9.03696, 8, 11.99891, 11.9799], "texture": "#3"},
				"east": {"uv": [0, 0, 0, 0.5], "texture": "#missing"},
				"south": {"uv": [9.04348, 8.01471, 12.00543, 12.01961], "texture": "#3"},
				"west": {"uv": [0, 0, 0, 0.5], "texture": "#missing"},
				"up": {"uv": [0, 0, 0.375, 0], "texture": "#missing"},
				"down": {"uv": [0, 0, 0.375, 0], "texture": "#missing"}
			}
		},
		{
			"from": [14, -3.9, 12.901],
			"to": [17, 0.1, 12.901],
			"rotation": {"angle": -45, "axis": "x", "origin": [0, 0, 16]},
			"faces": {
				"north": {"uv": [13.03804, 6, 16, 9.9799], "texture": "#3"},
				"east": {"uv": [0, 0, 0, 0.5], "texture": "#missing"},
				"south": {"uv": [13.03804, 6.01471, 16, 10.01961], "texture": "#3"},
				"west": {"uv": [0, 0, 0, 0.5], "texture": "#missing"},
				"up": {"uv": [0, 0, 0.375, 0], "texture": "#missing"},
				"down": {"uv": [0, 0, 0.375, 0], "texture": "#missing"}
			}
		},
		{
			"from": [0.8, -3.85, 12.901],
			"to": [3.8, 0.15, 12.901],
			"rotation": {"angle": -45, "axis": "x", "origin": [0, 0, 16]},
			"faces": {
				"north": {"uv": [0, 6, 2.96196, 9.9799], "texture": "#3"},
				"east": {"uv": [0, 0, 0, 0.5], "texture": "#missing"},
				"south": {"uv": [0, 6.01471, 2.96196, 10.01961], "texture": "#3"},
				"west": {"uv": [0, 0, 0, 0.5], "texture": "#missing"},
				"up": {"uv": [0, 0, 0.375, 0], "texture": "#missing"},
				"down": {"uv": [0, 0, 0.375, 0], "texture": "#missing"}
			}
		},
		{
			"from": [0.2, 5.95, 14.565],
			"to": [3.2, 9.95, 14.565],
			"rotation": {"angle": -22.5, "axis": "x", "origin": [0, 0, 16]},
			"faces": {
				"north": {"uv": [0, 6, 2.96196, 9.9799], "texture": "#3"},
				"east": {"uv": [0, 0, 0, 1.2549], "texture": "#3"},
				"south": {"uv": [0, 6.01471, 2.96196, 10.01961], "texture": "#3"},
				"west": {"uv": [0, 0, 0, 1.2549], "texture": "#3"},
				"up": {"uv": [0, 0, 2.08696, 0], "texture": "#3"},
				"down": {"uv": [0, 0, 2.08696, 0], "texture": "#3"}
			}
		},
		{
			"from": [4.325, 3.9, 14.565],
			"to": [7.325, 7.9, 14.565],
			"rotation": {"angle": -22.5, "axis": "x", "origin": [0, 0, 16]},
			"faces": {
				"north": {"uv": [4.03696, 8, 6.99891, 11.9799], "texture": "#3"},
				"east": {"uv": [0, 0, 0, 1.2549], "texture": "#3"},
				"south": {"uv": [4.04348, 8.01471, 7.00543, 12.01961], "texture": "#3"},
				"west": {"uv": [0, 0, 0, 1.2549], "texture": "#3"},
				"up": {"uv": [0, 0, 0.375, 0], "texture": "#missing"},
				"down": {"uv": [0, 0, 0.375, 0], "texture": "#missing"}
			}
		},
		{
			"from": [9.65, 3.975, 14.565],
			"to": [12.65, 7.975, 14.565],
			"rotation": {"angle": -22.5, "axis": "x", "origin": [0, 0, 16]},
			"faces": {
				"north": {"uv": [9.03696, 8, 11.99891, 11.9799], "texture": "#3"},
				"east": {"uv": [0, 0, 0, 1.2549], "texture": "#3"},
				"south": {"uv": [9.04348, 8.01471, 12.00543, 12.01961], "texture": "#3"},
				"west": {"uv": [0, 0, 0, 1.2549], "texture": "#3"},
				"up": {"uv": [0, 0, 2.08696, 0], "texture": "#3"},
				"down": {"uv": [0, 0, 2.08696, 0], "texture": "#3"}
			}
		},
		{
			"from": [13.825, 5.875, 14.565],
			"to": [16.825, 9.875, 14.565],
			"rotation": {"angle": -22.5, "axis": "x", "origin": [0, 0, 16]},
			"faces": {
				"north": {"uv": [13.03804, 6, 16, 9.9799], "texture": "#3"},
				"east": {"uv": [0, 0, 0, 1.2549], "texture": "#3"},
				"south": {"uv": [13, 6.01471, 15.96196, 10.01961], "texture": "#3"},
				"west": {"uv": [0, 0, 0, 1.2549], "texture": "#3"},
				"up": {"uv": [0, 0, 0.375, 0], "texture": "#missing"},
				"down": {"uv": [0, 0, 0.375, 0], "texture": "#missing"}
			}
		},
		{
			"from": [8.4, 13, 16.965],
			"to": [11.4, 17, 16.965],
			"rotation": {"angle": -22.5, "axis": "x", "origin": [0, 0, 16]},
			"faces": {
				"north": {"uv": [9.03696, 8, 11.99891, 11.9799], "texture": "#3"},
				"east": {"uv": [0, 0, 0, 1.2549], "texture": "#3"},
				"south": {"uv": [9.04348, 8.01471, 12.00543, 12.01961], "texture": "#3"},
				"west": {"uv": [0, 0, 0, 1.2549], "texture": "#3"},
				"up": {"uv": [0, 0, 2.08696, 0], "texture": "#3"},
				"down": {"uv": [0, 0, 2.08696, 0], "texture": "#3"}
			}
		},
		{
			"from": [3.775, 13, 16.965],
			"to": [6.775, 17, 16.965],
			"rotation": {"angle": -22.5, "axis": "x", "origin": [0, 0, 16]},
			"faces": {
				"north": {"uv": [4.03696, 8, 6.99891, 11.9799], "texture": "#3"},
				"east": {"uv": [0, 0, 0, 1.2549], "texture": "#3"},
				"south": {"uv": [4.04348, 8.01471, 7.00543, 12.01961], "texture": "#3"},
				"west": {"uv": [0, 0, 0, 1.2549], "texture": "#3"},
				"up": {"uv": [0, 0, 2.08696, 0], "texture": "#3"},
				"down": {"uv": [0, 0, 2.08696, 0], "texture": "#3"}
			}
		},
		{
			"from": [4.8, -6.05, 3.099],
			"to": [7.8, -2.05, 3.099],
			"rotation": {"angle": 45, "axis": "x", "origin": [0, 0, 0]},
			"faces": {
				"north": {"uv": [9.03696, 8, 11.99891, 11.9799], "texture": "#3"},
				"east": {"uv": [0, 0, 0, 1.2549], "texture": "#3"},
				"south": {"uv": [9.04348, 8.01471, 12.00543, 12.01961], "texture": "#3"},
				"west": {"uv": [0, 0, 0, 1.2549], "texture": "#3"},
				"up": {"uv": [0, 0, 2.08696, 0], "texture": "#3"},
				"down": {"uv": [0, 0, 2.08696, 0], "texture": "#3"}
			}
		},
		{
			"from": [9.775, -6.025, 3.099],
			"to": [12.775, -2.025, 3.099],
			"rotation": {"angle": 45, "axis": "x", "origin": [0, 0, 0]},
			"faces": {
				"north": {"uv": [4.03696, 8, 6.99891, 11.9799], "texture": "#3"},
				"east": {"uv": [0, 0, 0, 1.2549], "texture": "#3"},
				"south": {"uv": [4.04348, 8.01471, 7.00543, 12.01961], "texture": "#3"},
				"west": {"uv": [0, 0, 0, 1.2549], "texture": "#3"},
				"up": {"uv": [0, 0, 2.08696, 0], "texture": "#3"},
				"down": {"uv": [0, 0, 2.08696, 0], "texture": "#3"}
			}
		},
		{
			"from": [14, -3.9, 3.099],
			"to": [17, 0.1, 3.099],
			"rotation": {"angle": 45, "axis": "x", "origin": [0, 0, 0]},
			"faces": {
				"north": {"uv": [0, 6, 2.96196, 9.9799], "texture": "#3"},
				"east": {"uv": [0, 0, 0, 1.2549], "texture": "#3"},
				"south": {"uv": [0, 6.01471, 2.96196, 10.01961], "texture": "#3"},
				"west": {"uv": [0, 0, 0, 1.2549], "texture": "#3"},
				"up": {"uv": [0, 0, 2.08696, 0], "texture": "#3"},
				"down": {"uv": [0, 0, 2.08696, 0], "texture": "#3"}
			}
		},
		{
			"from": [0.8, -3.85, 3.099],
			"to": [3.8, 0.15, 3.099],
			"rotation": {"angle": 45, "axis": "x", "origin": [0, 0, 0]},
			"faces": {
				"north": {"uv": [13.03696, 6, 15.99891, 9.9799], "texture": "#3"},
				"east": {"uv": [0, 0, 0, 1.2549], "texture": "#3"},
				"south": {"uv": [13.03804, 6.01471, 16, 10.01961], "texture": "#3"},
				"west": {"uv": [0, 0, 0, 1.2549], "texture": "#3"},
				"up": {"uv": [0, 0, 2.08696, 0], "texture": "#3"},
				"down": {"uv": [0, 0, 2.08696, 0], "texture": "#3"}
			}
		},
		{
			"from": [0.2, 5.95, 1.435],
			"to": [3.2, 9.95, 1.435],
			"rotation": {"angle": 22.5, "axis": "x", "origin": [0, 0, 0]},
			"faces": {
				"north": {"uv": [13.03696, 6, 15.99891, 9.9799], "texture": "#3"},
				"east": {"uv": [0, 0, 0, 1.2549], "texture": "#3"},
				"south": {"uv": [13.03804, 6.01471, 16, 10.01961], "texture": "#3"},
				"west": {"uv": [0, 0, 0, 1.2549], "texture": "#3"},
				"up": {"uv": [0, 0, 2.08696, 0], "texture": "#3"},
				"down": {"uv": [0, 0, 2.08696, 0], "texture": "#3"}
			}
		},
		{
			"from": [4.325, 3.9, 1.435],
			"to": [7.325, 7.9, 1.435],
			"rotation": {"angle": 22.5, "axis": "x", "origin": [0, 0, 0]},
			"faces": {
				"north": {"uv": [9.03696, 8, 11.99891, 11.9799], "texture": "#3"},
				"east": {"uv": [0, 0, 0, 1.2549], "texture": "#3"},
				"south": {"uv": [9.04348, 8.01471, 12.00543, 12.01961], "texture": "#3"},
				"west": {"uv": [0, 0, 0, 1.2549], "texture": "#3"},
				"up": {"uv": [0, 0, 2.08696, 0], "texture": "#3"},
				"down": {"uv": [0, 0, 2.08696, 0], "texture": "#3"}
			}
		},
		{
			"from": [9.65, 3.975, 1.435],
			"to": [12.65, 7.975, 1.435],
			"rotation": {"angle": 22.5, "axis": "x", "origin": [0, 0, 0]},
			"faces": {
				"north": {"uv": [4.03696, 8, 6.99891, 11.9799], "texture": "#3"},
				"east": {"uv": [0, 0, 0, 1.2549], "texture": "#3"},
				"south": {"uv": [4.04348, 8.01471, 7.00543, 12.01961], "texture": "#3"},
				"west": {"uv": [0, 0, 0, 1.2549], "texture": "#3"},
				"up": {"uv": [0, 0, 2.08696, 0], "texture": "#3"},
				"down": {"uv": [0, 0, 2.08696, 0], "texture": "#3"}
			}
		},
		{
			"from": [13.825, 5.875, 1.435],
			"to": [16.825, 9.875, 1.435],
			"rotation": {"angle": 22.5, "axis": "x", "origin": [0, 0, 0]},
			"faces": {
				"north": {"uv": [0.03696, 6, 2.99891, 9.9799], "texture": "#3"},
				"east": {"uv": [0, 0, 0, 1.2549], "texture": "#3"},
				"south": {"uv": [0, 6.01471, 2.96196, 10.01961], "texture": "#3"},
				"west": {"uv": [0, 0, 0, 1.2549], "texture": "#3"},
				"up": {"uv": [0, 0, 2.08696, 0], "texture": "#3"},
				"down": {"uv": [0, 0, 2.08696, 0], "texture": "#3"}
			}
		},
		{
			"from": [8.4, 13, -0.965],
			"to": [11.4, 17, -0.965],
			"rotation": {"angle": 22.5, "axis": "x", "origin": [0, 0, 0]},
			"faces": {
				"north": {"uv": [4.03696, 8, 6.99891, 11.9799], "texture": "#3"},
				"east": {"uv": [0, 0, 0, 1.2549], "texture": "#3"},
				"south": {"uv": [4.04348, 8.01471, 7.00543, 12.01961], "texture": "#3"},
				"west": {"uv": [0, 0, 0, 1.2549], "texture": "#3"},
				"up": {"uv": [0, 0, 2.08696, 0], "texture": "#3"},
				"down": {"uv": [0, 0, 2.08696, 0], "texture": "#3"}
			}
		},
		{
			"from": [3.775, 13, -0.965],
			"to": [6.775, 17, -0.965],
			"rotation": {"angle": 22.5, "axis": "x", "origin": [0, 0, 0]},
			"faces": {
				"north": {"uv": [9.03696, 8, 11.99891, 11.9799], "texture": "#3"},
				"east": {"uv": [0, 0, 0, 1.2549], "texture": "#3"},
				"south": {"uv": [9.04348, 8.01471, 12.00543, 12.01961], "texture": "#3"},
				"west": {"uv": [0, 0, 0, 1.2549], "texture": "#3"},
				"up": {"uv": [0, 0, 2.08696, 0], "texture": "#3"},
				"down": {"uv": [0, 0, 2.08696, 0], "texture": "#3"}
			}
		},
		{
			"from": [-1.6, -12.7, -2],
			"to": [18.4, -12.7, 19],
			"faces": {
				"north": {"uv": [0, 0, 5, 0], "texture": "#4"},
				"east": {"uv": [0, 0, 5.25, 0], "texture": "#4"},
				"south": {"uv": [0, 0, 5, 0], "texture": "#4"},
				"west": {"uv": [0, 0, 5.25, 0], "texture": "#4"},
				"up": {"uv": [8, 15.92, 0, 0], "texture": "#4"},
				"down": {"uv": [16, 0, 8, 16], "texture": "#4"}
			}
		},
		{
			"from": [6, 1.6, 0.95],
			"to": [8, 3.6, 2.95],
			"rotation": {"angle": 22.5, "axis": "x", "origin": [7, 1, 1]},
			"faces": {
				"north": {"uv": [0, 0, 2.66667, 2.66667], "texture": "#5"},
				"east": {"uv": [5.33333, 0, 8, 2.66667], "rotation": 90, "texture": "#5"},
				"south": {"uv": [0, 5.33333, 2.66667, 8], "rotation": 180, "texture": "#5"},
				"west": {"uv": [0, 2.66667, 2.66667, 5.33333], "rotation": 270, "texture": "#5"},
				"up": {"uv": [2.66667, 0, 5.33333, 2.66667], "texture": "#5"},
				"down": {"uv": [2.66667, 2.66667, 5.33333, 5.33333], "rotation": 180, "texture": "#5"}
			}
		},
		{
			"from": [6, 14.6, -2.05],
			"to": [8, 16.6, -0.05],
			"rotation": {"angle": 22.5, "axis": "x", "origin": [7, 1, 1]},
			"faces": {
				"north": {"uv": [0, 8, 2.66667, 10.66667], "texture": "#5"},
				"east": {"uv": [5.33333, 8, 8, 10.66667], "rotation": 90, "texture": "#5"},
				"south": {"uv": [0, 13.33333, 2.66667, 16], "rotation": 180, "texture": "#5"},
				"west": {"uv": [0, 10.66667, 2.66667, 13.33333], "rotation": 270, "texture": "#5"},
				"up": {"uv": [2.66667, 8, 5.33333, 10.66667], "texture": "#5"},
				"down": {"uv": [2.66667, 10.66667, 5.33333, 13.33333], "rotation": 180, "texture": "#5"}
			}
		},
		{
			"from": [6, 1.6, 14.95],
			"to": [8, 3.6, 16.95],
			"rotation": {"angle": 22.5, "axis": "x", "origin": [7, 1, 1]},
			"faces": {
				"north": {"uv": [0, 0, 2.66667, 2.66667], "texture": "#5"},
				"east": {"uv": [5.33333, 0, 8, 2.66667], "rotation": 90, "texture": "#5"},
				"south": {"uv": [0, 5.33333, 2.66667, 8], "rotation": 180, "texture": "#5"},
				"west": {"uv": [0, 2.66667, 2.66667, 5.33333], "rotation": 270, "texture": "#5"},
				"up": {"uv": [2.66667, 0, 5.33333, 2.66667], "texture": "#5"},
				"down": {"uv": [2.66667, 2.66667, 5.33333, 5.33333], "rotation": 180, "texture": "#5"}
			}
		},
		{
			"from": [6, 10.53437, 10.53804],
			"to": [8, 12.53437, 12.53804],
			"rotation": {"angle": -22.5, "axis": "x", "origin": [7, 11, 11]},
			"faces": {
				"north": {"uv": [8, 0, 10.66667, 2.66667], "texture": "#5"},
				"east": {"uv": [13.33333, 0, 16, 2.66667], "rotation": 90, "texture": "#5"},
				"south": {"uv": [8, 5.33333, 10.66667, 8], "rotation": 180, "texture": "#5"},
				"west": {"uv": [8, 2.66667, 10.66667, 5.33333], "rotation": 270, "texture": "#5"},
				"up": {"uv": [10.66667, 0, 13.33333, 2.66667], "texture": "#5"},
				"down": {"uv": [10.66667, 2.66667, 13.33333, 5.33333], "rotation": 180, "texture": "#5"}
			}
		},
		{
			"from": [12.9, 1.48437, 3.51304],
			"to": [14.9, 3.48437, 5.51304],
			"rotation": {"angle": -22.5, "axis": "x", "origin": [7, 11, 11]},
			"faces": {
				"north": {"uv": [8, 0, 10.66667, 2.66667], "texture": "#5"},
				"east": {"uv": [13.33333, 0, 16, 2.66667], "rotation": 90, "texture": "#5"},
				"south": {"uv": [8, 5.33333, 10.66667, 8], "rotation": 180, "texture": "#5"},
				"west": {"uv": [8, 2.66667, 10.66667, 5.33333], "rotation": 270, "texture": "#5"},
				"up": {"uv": [10.66667, 0, 13.33333, 2.66667], "texture": "#5"},
				"down": {"uv": [10.66667, 2.66667, 13.33333, 5.33333], "rotation": 180, "texture": "#5"}
			}
		},
		{
			"from": [9.56805, 8.225, 5.92033],
			"to": [11.56805, 10.225, 7.92033],
			"rotation": {"angle": -22.5, "axis": "z", "origin": [10.875, 9.15, 7.05]},
			"faces": {
				"north": {"uv": [0, 8, 2.66667, 10.66667], "rotation": 90, "texture": "#5"},
				"east": {"uv": [2.66667, 10.66667, 5.33333, 13.33333], "rotation": 90, "texture": "#5"},
				"south": {"uv": [0, 13.33333, 2.66667, 16], "rotation": 90, "texture": "#5"},
				"west": {"uv": [2.66667, 8, 5.33333, 10.66667], "rotation": 270, "texture": "#5"},
				"up": {"uv": [5.33333, 8, 8, 10.66667], "texture": "#5"},
				"down": {"uv": [0, 10.66667, 2.66667, 13.33333], "rotation": 180, "texture": "#5"}
			}
		},
		{
			"from": [6.56805, -4.775, 7.92033],
			"to": [8.56805, -2.775, 9.92033],
			"rotation": {"angle": -22.5, "axis": "z", "origin": [10.875, 9.15, 7.05]},
			"faces": {
				"north": {"uv": [0, 8, 2.66667, 10.66667], "rotation": 90, "texture": "#5"},
				"east": {"uv": [2.66667, 10.66667, 5.33333, 13.33333], "rotation": 90, "texture": "#5"},
				"south": {"uv": [0, 13.33333, 2.66667, 16], "rotation": 90, "texture": "#5"},
				"west": {"uv": [2.66667, 8, 5.33333, 10.66667], "rotation": 270, "texture": "#5"},
				"up": {"uv": [5.33333, 8, 8, 10.66667], "texture": "#5"},
				"down": {"uv": [0, 10.66667, 2.66667, 13.33333], "rotation": 180, "texture": "#5"}
			}
		},
		{
			"from": [4.56805, 6.225, 5.92033],
			"to": [6.56805, 8.225, 7.92033],
			"rotation": {"angle": -22.5, "axis": "z", "origin": [10.875, 9.15, 7.05]},
			"faces": {
				"north": {"uv": [0, 0, 2.66667, 2.66667], "rotation": 90, "texture": "#5"},
				"east": {"uv": [2.66667, 2.66667, 5.33333, 5.33333], "rotation": 90, "texture": "#5"},
				"south": {"uv": [0, 5.33333, 2.66667, 8], "rotation": 90, "texture": "#5"},
				"west": {"uv": [2.66667, 0, 5.33333, 2.66667], "rotation": 270, "texture": "#5"},
				"up": {"uv": [5.33333, 0, 8, 2.66667], "texture": "#5"},
				"down": {"uv": [0, 2.66667, 2.66667, 5.33333], "rotation": 180, "texture": "#5"}
			}
		},
		{
			"from": [3.45, 23, 7.75],
			"to": [12.45, 32, 7.75],
			"faces": {
				"north": {"uv": [0, 0, 16, 16], "texture": "#6"},
				"east": {"uv": [0, 0, 16, 16], "texture": "#6"},
				"south": {"uv": [0, 0, 16, 16], "texture": "#6"},
				"west": {"uv": [0, 0, 16, 16], "texture": "#6"},
				"up": {"uv": [16, 0, 0, 16], "texture": "#6"},
				"down": {"uv": [16, 0, 0, 16], "texture": "#6"}
			}
		},
		{
			"from": [7.825, 23, 3.375],
			"to": [7.825, 32, 12.375],
			"rotation": {"angle": 0, "axis": "y", "origin": [8.05, 24, 8]},
			"faces": {
				"north": {"uv": [0, 0, 16, 16], "texture": "#6"},
				"east": {"uv": [0, 0, 16, 16], "texture": "#6"},
				"south": {"uv": [0, 0, 16, 16], "texture": "#6"},
				"west": {"uv": [0, 0, 16, 16], "texture": "#6"},
				"up": {"uv": [16, 0, 0, 16], "rotation": 90, "texture": "#6"},
				"down": {"uv": [16, 0, 0, 16], "rotation": 270, "texture": "#6"}
			}
		}
	],
	"display": {
		"thirdperson_righthand": {
			"scale": [0.2, 0.2, 0.2]
		},
		"thirdperson_lefthand": {
			"scale": [0.2, 0.2, 0.2]
		},
		"firstperson_righthand": {
			"rotation": [-10.06, -2.02, 11.61],
			"scale": [0.5, 0.5, 0.5]
		},
		"firstperson_lefthand": {
			"rotation": [-10.06, -2.02, 11.61],
			"scale": [0.5, 0.5, 0.5]
		},
		"ground": {
			"translation": [0, 9.25, 0],
			"scale": [0.5, 0.5, 0.5]
		},
		"gui": {
			"rotation": [-161.2, 14.6, -180],
			"scale": [0.4, 0.4, 0.4]
		},
		"head": {
			"translation": [0, -10, 0],
			"scale": [1.6, 1.6, 1.6]
		},
		"fixed": {
			"scale": [0.4, 0.4, 0.4]
		}
	},
	"groups": [
		0,
		1,
		{
			"name": "Branches",
			"origin": [10, 17, 8],
			"color": 0,
			"children": [2, 3, 4, 5, 6, 7, 8, 9, 10, 11, 12, 13]
		},
		{
			"name": "lights",
			"origin": [0, 0, 0],
			"color": 0,
			"children": [
				{
					"name": "group",
					"origin": [0, 0, 0],
					"color": 0,
					"children": [14, 15, 16, 17, 18, 19, 20, 21, 22, 23]
				},
				{
					"name": "group",
					"origin": [0, 0, 0],
					"color": 0,
					"children": [24, 25, 26, 27, 28, 29, 30, 31, 32, 33]
				},
				{
					"name": "group",
					"origin": [0, 0, 0],
					"color": 0,
					"children": [34, 35, 36, 37, 38, 39, 40, 41, 42, 43]
				},
				{
					"name": "group",
					"origin": [0, 0, 0],
					"color": 0,
					"children": [44, 45, 46, 47, 48, 49, 50, 51, 52, 53]
				}
			]
		},
		{
			"name": "ordiments",
			"origin": [10.875, 9.15, 7.05],
			"color": 0,
			"children": [54, 55, 56, 57, 58, 59, 60, 61, 62]
		},
		63,
		64
	]
}